Ano,Turno,Município,Número,Candidato,Bairro,Votos,% Votos Obtidos,STATUS
2024,1,FORTALEZA,12777,ADAIL JR.,AEROLÂNDIA,7,"0,05",ELEITO
2024,1,FORTALEZA,50777,ADRIANA GERÔNIMO,AEROLÂNDIA,16,"0,18",ELEITO
2024,1,FORTALEZA,13120,AGLAYLSON,AEROLÂNDIA,20,"0,21",ELEITO
2024,1,FORTALEZA,70123,ANA ARACAPÉ,AEROLÂNDIA,129,"1,25",ELEITO
2024,1,FORTALEZA,55011,APOLLO VICZ,AEROLÂNDIA,38,"0,3",ELEITO
2024,1,FORTALEZA,40000,BÁ,AEROLÂNDIA,2,"0,03",ELEITO
2024,1,FORTALEZA,22022,BELLA CARMELO,AEROLÂNDIA,59,"0,21",ELEITO
2024,1,FORTALEZA,10456,BENIGNO JUNIOR,AEROLÂNDIA,23,"0,28",ELEITO
2024,1,FORTALEZA,55789,BRUNO MESQUITA,AEROLÂNDIA,10,"0,07",ELEITO
2024,1,FORTALEZA,27123,CARLA DO ACILON,AEROLÂNDIA,21,"0,22",ELEITO
2024,1,FORTALEZA,25456,CHIQUINHO DOS CARNEIROS,AEROLÂNDIA,2,"0,02",ELEITO
2024,1,FORTALEZA,70369,CLAUDIO LIMA,AEROLÂNDIA,3,"0,04",SUPLENTE
2024,1,FORTALEZA,55300,CÔNSUL DO POVO,AEROLÂNDIA,10,"0,19",SUPLENTE
2024,1,FORTALEZA,20012,DAYANE COSTA,AEROLÂNDIA,6,"0,12",SUPLENTE
2024,1,FORTALEZA,13123,DR VICENTE,AEROLÂNDIA,6,"0,08",SUPLENTE
2024,1,FORTALEZA,12500,DR. LUCIANO GIRÃO,AEROLÂNDIA,34,"0,29",ELEITO
2024,1,FORTALEZA,27999,DUMMAR,AEROLÂNDIA,73,"2,21",SUPLENTE
2024,1,FORTALEZA,70111,EMANUEL ACRIZIO,AEROLÂNDIA,20,"0,12",ELEITO
2024,1,FORTALEZA,55111,ERICH DOUGLAS,AEROLÂNDIA,43,"0,32",ELEITO
2024,1,FORTALEZA,55000,EUDES BRINGEL,AEROLÂNDIA,15,"0,12",ELEITO
2024,1,FORTALEZA,50555,GABRIEL BIOLOGIA,AEROLÂNDIA,65,"0,21",ELEITO
2024,1,FORTALEZA,12333,GARDEL ROLIM,AEROLÂNDIA,260,"1,62",ELEITO
2024,1,FORTALEZA,33024,GERMANO HE MAN,AEROLÂNDIA,52,"0,51",ELEITO
2024,1,FORTALEZA,22122,INSPETOR ALBERTO,AEROLÂNDIA,23,"0,29",ELEITO
2024,1,FORTALEZA,11678,IRMÃO LÉO,AEROLÂNDIA,8,"0,15",ELEITO
2024,1,FORTALEZA,12111,JÂNIO HENRIQUE,AEROLÂNDIA,3,"0,03",ELEITO
2024,1,FORTALEZA,45000,JORGE PINHEIRO,AEROLÂNDIA,28,"0,25",ELEITO
2024,1,FORTALEZA,22123,JULIERME SENA,AEROLÂNDIA,23,"0,22",ELEITO
2024,1,FORTALEZA,13321,JULIO BRIZZI,AEROLÂNDIA,10,"0,13",ELEITO
2024,1,FORTALEZA,12123,KÁTIA RODRIGUES,AEROLÂNDIA,66,"0,55",ELEITO
2024,1,FORTALEZA,40123,LEO COUTO,AEROLÂNDIA,9,"0,1",ELEITO
2024,1,FORTALEZA,36789,LUIZ PAUPINA,AEROLÂNDIA,6,"0,1",ELEITO
2024,1,FORTALEZA,12000,MARCEL COLARES,AEROLÂNDIA,16,"0,1",ELEITO
2024,1,FORTALEZA,22333,MARCELO MENDES,AEROLÂNDIA,6,"0,08",ELEITO
2024,1,FORTALEZA,70200,MARCELO TCHELA,AEROLÂNDIA,30,"0,45",SUPLENTE
2024,1,FORTALEZA,44444,MÁRCIO MARTINS,AEROLÂNDIA,11,"0,09",ELEITO
2024,1,FORTALEZA,11111,MARCOS PAULO,AEROLÂNDIA,3,"0,06",ELEITO
2024,1,FORTALEZA,13131,MARI LACERDA,AEROLÂNDIA,8,"0,1",ELEITO
2024,1,FORTALEZA,25555,MICHEL LINS,AEROLÂNDIA,15,"0,16",ELEITO
2024,1,FORTALEZA,25777,NILO DANTAS,AEROLÂNDIA,5,"0,08",SUPLENTE
2024,1,FORTALEZA,12444,PAULO MARTINS,AEROLÂNDIA,461,"3,56",ELEITO
2024,1,FORTALEZA,70222,PEDRO MATOS,AEROLÂNDIA,50,"0,56",ELEITO
2024,1,FORTALEZA,12800,PPCELL,AEROLÂNDIA,16,"0,15",ELEITO
2024,1,FORTALEZA,22222,PRISCILA COSTA,AEROLÂNDIA,74,"0,2",ELEITO
2024,1,FORTALEZA,25123,PROFESSOR AGUIAR TOBA,AEROLÂNDIA,3,"0,04",ELEITO
2024,1,FORTALEZA,23456,PROFESSOR ENILSON,AEROLÂNDIA,9,"0,09",ELEITO
2024,1,FORTALEZA,12999,RAIMUNDO FILHO,AEROLÂNDIA,8,"0,08",SUPLENTE
2024,1,FORTALEZA,44777,RENE PESSOA,AEROLÂNDIA,8,"0,13",SUPLENTE
2024,1,FORTALEZA,10123,RONALDO MARTINS,AEROLÂNDIA,49,"0,24",ELEITO
2024,1,FORTALEZA,44190,SOLDADO NOELIO,AEROLÂNDIA,10,"0,15",ELEITO
2024,1,FORTALEZA,55555,TIA FRANCISCA,AEROLÂNDIA,3,"0,04",SUPLENTE
2024,1,FORTALEZA,55777,TONY BRITO,AEROLÂNDIA,8,"0,07",SUPLENTE
2024,1,FORTALEZA,20000,WELLINGTON SABÓIA,AEROLÂNDIA,38,"0,35",ELEITO
2024,1,FORTALEZA,12777,ADAIL JR.,AEROPORTO,1,"0,01",ELEITO
2024,1,FORTALEZA,50777,ADRIANA GERÔNIMO,AEROPORTO,9,"0,1",ELEITO
2024,1,FORTALEZA,13120,AGLAYLSON,AEROPORTO,1,"0,01",ELEITO
2024,1,FORTALEZA,70123,ANA ARACAPÉ,AEROPORTO,1,"0,01",ELEITO
2024,1,FORTALEZA,55011,APOLLO VICZ,AEROPORTO,17,"0,13",ELEITO
2024,1,FORTALEZA,40000,BÁ,AEROPORTO,9,"0,12",ELEITO
2024,1,FORTALEZA,22022,BELLA CARMELO,AEROPORTO,35,"0,12",ELEITO
2024,1,FORTALEZA,10456,BENIGNO JUNIOR,AEROPORTO,43,"0,51",ELEITO
2024,1,FORTALEZA,55789,BRUNO MESQUITA,AEROPORTO,4,"0,03",ELEITO
2024,1,FORTALEZA,27123,CARLA DO ACILON,AEROPORTO,10,"0,11",ELEITO
2024,1,FORTALEZA,25456,CHIQUINHO DOS CARNEIROS,AEROPORTO,4,"0,04",ELEITO
2024,1,FORTALEZA,70369,CLAUDIO LIMA,AEROPORTO,1,"0,01",SUPLENTE
2024,1,FORTALEZA,20012,DAYANE COSTA,AEROPORTO,1,"0,02",SUPLENTE
2024,1,FORTALEZA,13123,DR VICENTE,AEROPORTO,6,"0,08",SUPLENTE
2024,1,FORTALEZA,12500,DR. LUCIANO GIRÃO,AEROPORTO,4,"0,03",ELEITO
2024,1,FORTALEZA,27999,DUMMAR,AEROPORTO,7,"0,21",SUPLENTE
2024,1,FORTALEZA,70111,EMANUEL ACRIZIO,AEROPORTO,5,"0,03",ELEITO
2024,1,FORTALEZA,55111,ERICH DOUGLAS,AEROPORTO,12,"0,09",ELEITO
2024,1,FORTALEZA,55000,EUDES BRINGEL,AEROPORTO,4,"0,03",ELEITO
2024,1,FORTALEZA,50555,GABRIEL BIOLOGIA,AEROPORTO,41,"0,13",ELEITO
2024,1,FORTALEZA,12333,GARDEL ROLIM,AEROPORTO,11,"0,07",ELEITO
2024,1,FORTALEZA,33024,GERMANO HE MAN,AEROPORTO,114,"1,12",ELEITO
2024,1,FORTALEZA,22122,INSPETOR ALBERTO,AEROPORTO,11,"0,14",ELEITO
2024,1,FORTALEZA,11678,IRMÃO LÉO,AEROPORTO,1,"0,02",ELEITO
2024,1,FORTALEZA,12111,JÂNIO HENRIQUE,AEROPORTO,3,"0,03",ELEITO
2024,1,FORTALEZA,45000,JORGE PINHEIRO,AEROPORTO,16,"0,14",ELEITO
2024,1,FORTALEZA,22123,JULIERME SENA,AEROPORTO,9,"0,09",ELEITO
2024,1,FORTALEZA,13321,JULIO BRIZZI,AEROPORTO,5,"0,06",ELEITO
2024,1,FORTALEZA,12123,KÁTIA RODRIGUES,AEROPORTO,3,"0,03",ELEITO
2024,1,FORTALEZA,40123,LEO COUTO,AEROPORTO,3,"0,03",ELEITO
2024,1,FORTALEZA,36789,LUIZ PAUPINA,AEROPORTO,2,"0,03",ELEITO
2024,1,FORTALEZA,12000,MARCEL COLARES,AEROPORTO,3,"0,02",ELEITO
2024,1,FORTALEZA,22333,MARCELO MENDES,AEROPORTO,14,"0,19",ELEITO
2024,1,FORTALEZA,70200,MARCELO TCHELA,AEROPORTO,16,"0,24",SUPLENTE
2024,1,FORTALEZA,44444,MÁRCIO MARTINS,AEROPORTO,10,"0,08",ELEITO
2024,1,FORTALEZA,13131,MARI LACERDA,AEROPORTO,3,"0,04",ELEITO
2024,1,FORTALEZA,25555,MICHEL LINS,AEROPORTO,3,"0,03",ELEITO
2024,1,FORTALEZA,25777,NILO DANTAS,AEROPORTO,1,"0,02",SUPLENTE
2024,1,FORTALEZA,12444,PAULO MARTINS,AEROPORTO,20,"0,15",ELEITO
2024,1,FORTALEZA,70222,PEDRO MATOS,AEROPORTO,13,"0,15",ELEITO
2024,1,FORTALEZA,12800,PPCELL,AEROPORTO,6,"0,05",ELEITO
2024,1,FORTALEZA,22222,PRISCILA COSTA,AEROPORTO,39,"0,11",ELEITO
2024,1,FORTALEZA,25123,PROFESSOR AGUIAR TOBA,AEROPORTO,2,"0,03",ELEITO
2024,1,FORTALEZA,23456,PROFESSOR ENILSON,AEROPORTO,1,"0,01",ELEITO
2024,1,FORTALEZA,12999,RAIMUNDO FILHO,AEROPORTO,3,"0,03",SUPLENTE
2024,1,FORTALEZA,44777,RENE PESSOA,AEROPORTO,3,"0,05",SUPLENTE
2024,1,FORTALEZA,10123,RONALDO MARTINS,AEROPORTO,6,"0,03",ELEITO
2024,1,FORTALEZA,44190,SOLDADO NOELIO,AEROPORTO,1,"0,01",ELEITO
2024,1,FORTALEZA,55777,TONY BRITO,AEROPORTO,5,"0,04",SUPLENTE
2024,1,FORTALEZA,20000,WELLINGTON SABÓIA,AEROPORTO,1,"0,01",ELEITO
2024,1,FORTALEZA,12777,ADAIL JR.,ALDEOTA,61,"0,43",ELEITO
2024,1,FORTALEZA,50777,ADRIANA GERÔNIMO,ALDEOTA,720,"7,92",ELEITO
2024,1,FORTALEZA,13120,AGLAYLSON,ALDEOTA,110,"1,15",ELEITO
2024,1,FORTALEZA,70123,ANA ARACAPÉ,ALDEOTA,33,"0,32",ELEITO
2024,1,FORTALEZA,55011,APOLLO VICZ,ALDEOTA,198,"1,55",ELEITO
2024,1,FORTALEZA,40000,BÁ,ALDEOTA,18,"0,24",ELEITO
2024,1,FORTALEZA,22022,BELLA CARMELO,ALDEOTA,1838,"6,53",ELEITO
2024,1,FORTALEZA,10456,BENIGNO JUNIOR,ALDEOTA,242,"2,9",ELEITO
2024,1,FORTALEZA,55789,BRUNO MESQUITA,ALDEOTA,74,"0,52",ELEITO
2024,1,FORTALEZA,27123,CARLA DO ACILON,ALDEOTA,95,"1,01",ELEITO
2024,1,FORTALEZA,25456,CHIQUINHO DOS CARNEIROS,ALDEOTA,12,"0,13",ELEITO
2024,1,FORTALEZA,70369,CLAUDIO LIMA,ALDEOTA,36,"0,46",SUPLENTE
2024,1,FORTALEZA,55300,CÔNSUL DO POVO,ALDEOTA,40,"0,75",SUPLENTE
2024,1,FORTALEZA,20012,DAYANE COSTA,ALDEOTA,30,"0,62",SUPLENTE
2024,1,FORTALEZA,13123,DR VICENTE,ALDEOTA,277,"3,66",SUPLENTE
2024,1,FORTALEZA,12500,DR. LUCIANO GIRÃO,ALDEOTA,85,"0,74",ELEITO
2024,1,FORTALEZA,27999,DUMMAR,ALDEOTA,20,"0,61",SUPLENTE
2024,1,FORTALEZA,70111,EMANUEL ACRIZIO,ALDEOTA,55,"0,34",ELEITO
2024,1,FORTALEZA,55111,ERICH DOUGLAS,ALDEOTA,244,"1,84",ELEITO
2024,1,FORTALEZA,55000,EUDES BRINGEL,ALDEOTA,105,"0,85",ELEITO
2024,1,FORTALEZA,50555,GABRIEL BIOLOGIA,ALDEOTA,2243,"7,31",ELEITO
2024,1,FORTALEZA,12333,GARDEL ROLIM,ALDEOTA,300,"1,87",ELEITO
2024,1,FORTALEZA,33024,GERMANO HE MAN,ALDEOTA,41,"0,4",ELEITO
2024,1,FORTALEZA,22122,INSPETOR ALBERTO,ALDEOTA,201,"2,54",ELEITO
2024,1,FORTALEZA,11678,IRMÃO LÉO,ALDEOTA,11,"0,21",ELEITO
2024,1,FORTALEZA,12111,JÂNIO HENRIQUE,ALDEOTA,29,"0,26",ELEITO
2024,1,FORTALEZA,40789,JOHN MONTEIRO,ALDEOTA,37,"0,88",SUPLENTE
2024,1,FORTALEZA,45000,JORGE PINHEIRO,ALDEOTA,724,"6,38",ELEITO
2024,1,FORTALEZA,22123,JULIERME SENA,ALDEOTA,156,"1,5",ELEITO
2024,1,FORTALEZA,13321,JULIO BRIZZI,ALDEOTA,403,"5,19",ELEITO
2024,1,FORTALEZA,12123,KÁTIA RODRIGUES,ALDEOTA,75,"0,63",ELEITO
2024,1,FORTALEZA,40123,LEO COUTO,ALDEOTA,671,"7,48",ELEITO
2024,1,FORTALEZA,36789,LUIZ PAUPINA,ALDEOTA,13,"0,22",ELEITO
2024,1,FORTALEZA,12000,MARCEL COLARES,ALDEOTA,168,"1,1",ELEITO
2024,1,FORTALEZA,22333,MARCELO MENDES,ALDEOTA,947,"13,15",ELEITO
2024,1,FORTALEZA,70200,MARCELO TCHELA,ALDEOTA,64,"0,96",SUPLENTE
2024,1,FORTALEZA,44444,MÁRCIO MARTINS,ALDEOTA,118,"0,98",ELEITO
2024,1,FORTALEZA,11111,MARCOS PAULO,ALDEOTA,16,"0,32",ELEITO
2024,1,FORTALEZA,13131,MARI LACERDA,ALDEOTA,305,"3,8",ELEITO
2024,1,FORTALEZA,25555,MICHEL LINS,ALDEOTA,126,"1,32",ELEITO
2024,1,FORTALEZA,25777,NILO DANTAS,ALDEOTA,19,"0,3",SUPLENTE
2024,1,FORTALEZA,12444,PAULO MARTINS,ALDEOTA,218,"1,69",ELEITO
2024,1,FORTALEZA,70222,PEDRO MATOS,ALDEOTA,518,"5,84",ELEITO
2024,1,FORTALEZA,12800,PPCELL,ALDEOTA,37,"0,34",ELEITO
2024,1,FORTALEZA,22222,PRISCILA COSTA,ALDEOTA,1063,"2,93",ELEITO
2024,1,FORTALEZA,25123,PROFESSOR AGUIAR TOBA,ALDEOTA,22,"0,31",ELEITO
2024,1,FORTALEZA,23456,PROFESSOR ENILSON,ALDEOTA,66,"0,65",ELEITO
2024,1,FORTALEZA,12999,RAIMUNDO FILHO,ALDEOTA,55,"0,54",SUPLENTE
2024,1,FORTALEZA,44777,RENE PESSOA,ALDEOTA,335,"5,61",SUPLENTE
2024,1,FORTALEZA,10123,RONALDO MARTINS,ALDEOTA,132,"0,65",ELEITO
2024,1,FORTALEZA,44190,SOLDADO NOELIO,ALDEOTA,48,"0,7",ELEITO
2024,1,FORTALEZA,55555,TIA FRANCISCA,ALDEOTA,28,"0,4",SUPLENTE
2024,1,FORTALEZA,55777,TONY BRITO,ALDEOTA,181,"1,49",SUPLENTE
2024,1,FORTALEZA,20000,WELLINGTON SABÓIA,ALDEOTA,112,"1,02",ELEITO
2024,1,FORTALEZA,12777,ADAIL JR.,ALTO DA BALANÇA,10,"0,07",ELEITO
2024,1,FORTALEZA,50777,ADRIANA GERÔNIMO,ALTO DA BALANÇA,61,"0,67",ELEITO
2024,1,FORTALEZA,13120,AGLAYLSON,ALTO DA BALANÇA,36,"0,37",ELEITO
2024,1,FORTALEZA,70123,ANA ARACAPÉ,ALTO DA BALANÇA,53,"0,51",ELEITO
2024,1,FORTALEZA,55011,APOLLO VICZ,ALTO DA BALANÇA,92,"0,72",ELEITO
2024,1,FORTALEZA,40000,BÁ,ALTO DA BALANÇA,9,"0,12",ELEITO
2024,1,FORTALEZA,22022,BELLA CARMELO,ALTO DA BALANÇA,138,"0,49",ELEITO
2024,1,FORTALEZA,10456,BENIGNO JUNIOR,ALTO DA BALANÇA,92,"1,1",ELEITO
2024,1,FORTALEZA,55789,BRUNO MESQUITA,ALTO DA BALANÇA,25,"0,18",ELEITO
2024,1,FORTALEZA,27123,CARLA DO ACILON,ALTO DA BALANÇA,68,"0,72",ELEITO
2024,1,FORTALEZA,25456,CHIQUINHO DOS CARNEIROS,ALTO DA BALANÇA,15,"0,16",ELEITO
2024,1,FORTALEZA,70369,CLAUDIO LIMA,ALTO DA BALANÇA,8,"0,1",SUPLENTE
2024,1,FORTALEZA,55300,CÔNSUL DO POVO,ALTO DA BALANÇA,30,"0,56",SUPLENTE
2024,1,FORTALEZA,20012,DAYANE COSTA,ALTO DA BALANÇA,12,"0,25",SUPLENTE
2024,1,FORTALEZA,13123,DR VICENTE,ALTO DA BALANÇA,88,"1,16",SUPLENTE
2024,1,FORTALEZA,12500,DR. LUCIANO GIRÃO,ALTO DA BALANÇA,226,"1,96",ELEITO
2024,1,FORTALEZA,27999,DUMMAR,ALTO DA BALANÇA,224,"6,78",SUPLENTE
2024,1,FORTALEZA,70111,EMANUEL ACRIZIO,ALTO DA BALANÇA,54,"0,34",ELEITO
2024,1,FORTALEZA,55111,ERICH DOUGLAS,ALTO DA BALANÇA,103,"0,78",ELEITO
2024,1,FORTALEZA,55000,EUDES BRINGEL,ALTO DA BALANÇA,22,"0,18",ELEITO
2024,1,FORTALEZA,50555,GABRIEL BIOLOGIA,ALTO DA BALANÇA,155,"0,51",ELEITO
2024,1,FORTALEZA,12333,GARDEL ROLIM,ALTO DA BALANÇA,808,"5,03",ELEITO
2024,1,FORTALEZA,33024,GERMANO HE MAN,ALTO DA BALANÇA,85,"0,84",ELEITO
2024,1,FORTALEZA,22122,INSPETOR ALBERTO,ALTO DA BALANÇA,74,"0,94",ELEITO
2024,1,FORTALEZA,11678,IRMÃO LÉO,ALTO DA BALANÇA,88,"1,69",ELEITO
2024,1,FORTALEZA,12111,JÂNIO HENRIQUE,ALTO DA BALANÇA,3,"0,03",ELEITO
2024,1,FORTALEZA,40789,JOHN MONTEIRO,ALTO DA BALANÇA,9,"0,21",SUPLENTE
2024,1,FORTALEZA,45000,JORGE PINHEIRO,ALTO DA BALANÇA,63,"0,55",ELEITO
2024,1,FORTALEZA,22123,JULIERME SENA,ALTO DA BALANÇA,142,"1,37",ELEITO
2024,1,FORTALEZA,13321,JULIO BRIZZI,ALTO DA BALANÇA,56,"0,72",ELEITO
2024,1,FORTALEZA,12123,KÁTIA RODRIGUES,ALTO DA BALANÇA,131,"1,1",ELEITO
2024,1,FORTALEZA,40123,LEO COUTO,ALTO DA BALANÇA,24,"0,27",ELEITO
2024,1,FORTALEZA,36789,LUIZ PAUPINA,ALTO DA BALANÇA,38,"0,63",ELEITO
2024,1,FORTALEZA,12000,MARCEL COLARES,ALTO DA BALANÇA,32,"0,21",ELEITO
2024,1,FORTALEZA,22333,MARCELO MENDES,ALTO DA BALANÇA,24,"0,33",ELEITO
2024,1,FORTALEZA,70200,MARCELO TCHELA,ALTO DA BALANÇA,114,"1,72",SUPLENTE
2024,1,FORTALEZA,44444,MÁRCIO MARTINS,ALTO DA BALANÇA,29,"0,24",ELEITO
2024,1,FORTALEZA,11111,MARCOS PAULO,ALTO DA BALANÇA,11,"0,22",ELEITO
2024,1,FORTALEZA,13131,MARI LACERDA,ALTO DA BALANÇA,46,"0,57",ELEITO
2024,1,FORTALEZA,25555,MICHEL LINS,ALTO DA BALANÇA,44,"0,46",ELEITO
2024,1,FORTALEZA,25777,NILO DANTAS,ALTO DA BALANÇA,16,"0,25",SUPLENTE
2024,1,FORTALEZA,12444,PAULO MARTINS,ALTO DA BALANÇA,620,"4,79",ELEITO
2024,1,FORTALEZA,70222,PEDRO MATOS,ALTO DA BALANÇA,114,"1,29",ELEITO
2024,1,FORTALEZA,12800,PPCELL,ALTO DA BALANÇA,33,"0,3",ELEITO
2024,1,FORTALEZA,22222,PRISCILA COSTA,ALTO DA BALANÇA,185,"0,51",ELEITO
2024,1,FORTALEZA,25123,PROFESSOR AGUIAR TOBA,ALTO DA BALANÇA,8,"0,11",ELEITO
2024,1,FORTALEZA,23456,PROFESSOR ENILSON,ALTO DA BALANÇA,23,"0,23",ELEITO
2024,1,FORTALEZA,12999,RAIMUNDO FILHO,ALTO DA BALANÇA,27,"0,26",SUPLENTE
2024,1,FORTALEZA,44777,RENE PESSOA,ALTO DA BALANÇA,51,"0,85",SUPLENTE
2024,1,FORTALEZA,10123,RONALDO MARTINS,ALTO DA BALANÇA,178,"0,88",ELEITO
2024,1,FORTALEZA,44190,SOLDADO NOELIO,ALTO DA BALANÇA,30,"0,44",ELEITO
2024,1,FORTALEZA,55555,TIA FRANCISCA,ALTO DA BALANÇA,13,"0,19",SUPLENTE
2024,1,FORTALEZA,55777,TONY BRITO,ALTO DA BALANÇA,51,"0,42",SUPLENTE
2024,1,FORTALEZA,20000,WELLINGTON SABÓIA,ALTO DA BALANÇA,125,"1,13",ELEITO
2024,1,FORTALEZA,12777,ADAIL JR.,ÁLVARO WEYNE,132,"0,93",ELEITO
2024,1,FORTALEZA,50777,ADRIANA GERÔNIMO,ÁLVARO WEYNE,63,"0,69",ELEITO
2024,1,FORTALEZA,13120,AGLAYLSON,ÁLVARO WEYNE,203,"2,11",ELEITO
2024,1,FORTALEZA,70123,ANA ARACAPÉ,ÁLVARO WEYNE,115,"1,11",ELEITO
2024,1,FORTALEZA,55011,APOLLO VICZ,ÁLVARO WEYNE,145,"1,14",ELEITO
2024,1,FORTALEZA,40000,BÁ,ÁLVARO WEYNE,11,"0,15",ELEITO
2024,1,FORTALEZA,22022,BELLA CARMELO,ÁLVARO WEYNE,271,"0,96",ELEITO
2024,1,FORTALEZA,10456,BENIGNO JUNIOR,ÁLVARO WEYNE,34,"0,41",ELEITO
2024,1,FORTALEZA,55789,BRUNO MESQUITA,ÁLVARO WEYNE,66,"0,47",ELEITO
2024,1,FORTALEZA,27123,CARLA DO ACILON,ÁLVARO WEYNE,61,"0,65",ELEITO
2024,1,FORTALEZA,25456,CHIQUINHO DOS CARNEIROS,ÁLVARO WEYNE,12,"0,13",ELEITO
2024,1,FORTALEZA,70369,CLAUDIO LIMA,ÁLVARO WEYNE,285,"3,64",SUPLENTE
2024,1,FORTALEZA,55300,CÔNSUL DO POVO,ÁLVARO WEYNE,34,"0,64",SUPLENTE
2024,1,FORTALEZA,20012,DAYANE COSTA,ÁLVARO WEYNE,6,"0,12",SUPLENTE
2024,1,FORTALEZA,13123,DR VICENTE,ÁLVARO WEYNE,58,"0,77",SUPLENTE
2024,1,FORTALEZA,12500,DR. LUCIANO GIRÃO,ÁLVARO WEYNE,90,"0,78",ELEITO
2024,1,FORTALEZA,27999,DUMMAR,ÁLVARO WEYNE,14,"0,42",SUPLENTE
2024,1,FORTALEZA,70111,EMANUEL ACRIZIO,ÁLVARO WEYNE,365,"2,27",ELEITO
2024,1,FORTALEZA,55111,ERICH DOUGLAS,ÁLVARO WEYNE,172,"1,3",ELEITO
2024,1,FORTALEZA,55000,EUDES BRINGEL,ÁLVARO WEYNE,49,"0,4",ELEITO
2024,1,FORTALEZA,50555,GABRIEL BIOLOGIA,ÁLVARO WEYNE,218,"0,71",ELEITO
2024,1,FORTALEZA,12333,GARDEL ROLIM,ÁLVARO WEYNE,105,"0,65",ELEITO
2024,1,FORTALEZA,33024,GERMANO HE MAN,ÁLVARO WEYNE,21,"0,21",ELEITO
2024,1,FORTALEZA,22122,INSPETOR ALBERTO,ÁLVARO WEYNE,86,"1,09",ELEITO
2024,1,FORTALEZA,11678,IRMÃO LÉO,ÁLVARO WEYNE,20,"0,38",ELEITO
2024,1,FORTALEZA,12111,JÂNIO HENRIQUE,ÁLVARO WEYNE,22,"0,2",ELEITO
2024,1,FORTALEZA,40789,JOHN MONTEIRO,ÁLVARO WEYNE,11,"0,26",SUPLENTE
2024,1,FORTALEZA,45000,JORGE PINHEIRO,ÁLVARO WEYNE,103,"0,91",ELEITO
2024,1,FORTALEZA,22123,JULIERME SENA,ÁLVARO WEYNE,134,"1,29",ELEITO
2024,1,FORTALEZA,13321,JULIO BRIZZI,ÁLVARO WEYNE,78,1,ELEITO
2024,1,FORTALEZA,12123,KÁTIA RODRIGUES,ÁLVARO WEYNE,1738,"14,54",ELEITO
2024,1,FORTALEZA,40123,LEO COUTO,ÁLVARO WEYNE,52,"0,58",ELEITO
2024,1,FORTALEZA,36789,LUIZ PAUPINA,ÁLVARO WEYNE,20,"0,33",ELEITO
2024,1,FORTALEZA,12000,MARCEL COLARES,ÁLVARO WEYNE,14,"0,09",ELEITO
2024,1,FORTALEZA,22333,MARCELO MENDES,ÁLVARO WEYNE,26,"0,36",ELEITO
2024,1,FORTALEZA,70200,MARCELO TCHELA,ÁLVARO WEYNE,77,"1,16",SUPLENTE
2024,1,FORTALEZA,44444,MÁRCIO MARTINS,ÁLVARO WEYNE,69,"0,57",ELEITO
2024,1,FORTALEZA,11111,MARCOS PAULO,ÁLVARO WEYNE,5,"0,1",ELEITO
2024,1,FORTALEZA,13131,MARI LACERDA,ÁLVARO WEYNE,55,"0,68",ELEITO
2024,1,FORTALEZA,25555,MICHEL LINS,ÁLVARO WEYNE,224,"2,34",ELEITO
2024,1,FORTALEZA,25777,NILO DANTAS,ÁLVARO WEYNE,38,"0,6",SUPLENTE
2024,1,FORTALEZA,12444,PAULO MARTINS,ÁLVARO WEYNE,67,"0,52",ELEITO
2024,1,FORTALEZA,70222,PEDRO MATOS,ÁLVARO WEYNE,60,"0,68",ELEITO
2024,1,FORTALEZA,12800,PPCELL,ÁLVARO WEYNE,58,"0,53",ELEITO
2024,1,FORTALEZA,22222,PRISCILA COSTA,ÁLVARO WEYNE,365,"1,01",ELEITO
2024,1,FORTALEZA,25123,PROFESSOR AGUIAR TOBA,ÁLVARO WEYNE,18,"0,26",ELEITO
2024,1,FORTALEZA,23456,PROFESSOR ENILSON,ÁLVARO WEYNE,149,"1,47",ELEITO
2024,1,FORTALEZA,12999,RAIMUNDO FILHO,ÁLVARO WEYNE,57,"0,56",SUPLENTE
2024,1,FORTALEZA,44777,RENE PESSOA,ÁLVARO WEYNE,52,"0,87",SUPLENTE
2024,1,FORTALEZA,10123,RONALDO MARTINS,ÁLVARO WEYNE,383,"1,89",ELEITO
2024,1,FORTALEZA,44190,SOLDADO NOELIO,ÁLVARO WEYNE,128,"1,87",ELEITO
2024,1,FORTALEZA,55555,TIA FRANCISCA,ÁLVARO WEYNE,16,"0,23",SUPLENTE
2024,1,FORTALEZA,55777,TONY BRITO,ÁLVARO WEYNE,117,"0,96",SUPLENTE
2024,1,FORTALEZA,20000,WELLINGTON SABÓIA,ÁLVARO WEYNE,216,"1,96",ELEITO
2024,1,FORTALEZA,12777,ADAIL JR.,AMADEU FURTADO,35,"0,25",ELEITO
2024,1,FORTALEZA,50777,ADRIANA GERÔNIMO,AMADEU FURTADO,31,"0,34",ELEITO
2024,1,FORTALEZA,13120,AGLAYLSON,AMADEU FURTADO,14,"0,15",ELEITO
2024,1,FORTALEZA,70123,ANA ARACAPÉ,AMADEU FURTADO,12,"0,12",ELEITO
2024,1,FORTALEZA,55011,APOLLO VICZ,AMADEU FURTADO,20,"0,16",ELEITO
2024,1,FORTALEZA,40000,BÁ,AMADEU FURTADO,12,"0,16",ELEITO
2024,1,FORTALEZA,22022,BELLA CARMELO,AMADEU FURTADO,60,"0,21",ELEITO
2024,1,FORTALEZA,10456,BENIGNO JUNIOR,AMADEU FURTADO,4,"0,05",ELEITO
2024,1,FORTALEZA,55789,BRUNO MESQUITA,AMADEU FURTADO,177,"1,25",ELEITO
2024,1,FORTALEZA,27123,CARLA DO ACILON,AMADEU FURTADO,38,"0,4",ELEITO
2024,1,FORTALEZA,25456,CHIQUINHO DOS CARNEIROS,AMADEU FURTADO,2,"0,02",ELEITO
2024,1,FORTALEZA,70369,CLAUDIO LIMA,AMADEU FURTADO,2,"0,03",SUPLENTE
2024,1,FORTALEZA,55300,CÔNSUL DO POVO,AMADEU FURTADO,1,"0,02",SUPLENTE
2024,1,FORTALEZA,20012,DAYANE COSTA,AMADEU FURTADO,1,"0,02",SUPLENTE
2024,1,FORTALEZA,13123,DR VICENTE,AMADEU FURTADO,22,"0,29",SUPLENTE
2024,1,FORTALEZA,12500,DR. LUCIANO GIRÃO,AMADEU FURTADO,6,"0,05",ELEITO
2024,1,FORTALEZA,27999,DUMMAR,AMADEU FURTADO,3,"0,09",SUPLENTE
2024,1,FORTALEZA,70111,EMANUEL ACRIZIO,AMADEU FURTADO,13,"0,08",ELEITO
2024,1,FORTALEZA,55111,ERICH DOUGLAS,AMADEU FURTADO,19,"0,14",ELEITO
2024,1,FORTALEZA,55000,EUDES BRINGEL,AMADEU FURTADO,15,"0,12",ELEITO
2024,1,FORTALEZA,50555,GABRIEL BIOLOGIA,AMADEU FURTADO,79,"0,26",ELEITO
2024,1,FORTALEZA,12333,GARDEL ROLIM,AMADEU FURTADO,6,"0,04",ELEITO
2024,1,FORTALEZA,33024,GERMANO HE MAN,AMADEU FURTADO,3,"0,03",ELEITO
2024,1,FORTALEZA,22122,INSPETOR ALBERTO,AMADEU FURTADO,26,"0,33",ELEITO
2024,1,FORTALEZA,11678,IRMÃO LÉO,AMADEU FURTADO,3,"0,06",ELEITO
2024,1,FORTALEZA,12111,JÂNIO HENRIQUE,AMADEU FURTADO,7,"0,06",ELEITO
2024,1,FORTALEZA,40789,JOHN MONTEIRO,AMADEU FURTADO,2,"0,05",SUPLENTE
2024,1,FORTALEZA,45000,JORGE PINHEIRO,AMADEU FURTADO,25,"0,22",ELEITO
2024,1,FORTALEZA,22123,JULIERME SENA,AMADEU FURTADO,26,"0,25",ELEITO
2024,1,FORTALEZA,13321,JULIO BRIZZI,AMADEU FURTADO,15,"0,19",ELEITO
2024,1,FORTALEZA,12123,KÁTIA RODRIGUES,AMADEU FURTADO,11,"0,09",ELEITO
2024,1,FORTALEZA,40123,LEO COUTO,AMADEU FURTADO,5,"0,06",ELEITO
2024,1,FORTALEZA,36789,LUIZ PAUPINA,AMADEU FURTADO,3,"0,05",ELEITO
2024,1,FORTALEZA,12000,MARCEL COLARES,AMADEU FURTADO,7,"0,05",ELEITO
2024,1,FORTALEZA,22333,MARCELO MENDES,AMADEU FURTADO,13,"0,18",ELEITO
2024,1,FORTALEZA,70200,MARCELO TCHELA,AMADEU FURTADO,12,"0,18",SUPLENTE
2024,1,FORTALEZA,44444,MÁRCIO MARTINS,AMADEU FURTADO,13,"0,11",ELEITO
2024,1,FORTALEZA,13131,MARI LACERDA,AMADEU FURTADO,13,"0,16",ELEITO
2024,1,FORTALEZA,25555,MICHEL LINS,AMADEU FURTADO,107,"1,12",ELEITO
2024,1,FORTALEZA,12444,PAULO MARTINS,AMADEU FURTADO,20,"0,15",ELEITO
2024,1,FORTALEZA,70222,PEDRO MATOS,AMADEU FURTADO,17,"0,19",ELEITO
2024,1,FORTALEZA,12800,PPCELL,AMADEU FURTADO,5,"0,05",ELEITO
2024,1,FORTALEZA,22222,PRISCILA COSTA,AMADEU FURTADO,92,"0,25",ELEITO
2024,1,FORTALEZA,25123,PROFESSOR AGUIAR TOBA,AMADEU FURTADO,3,"0,04",ELEITO
2024,1,FORTALEZA,23456,PROFESSOR ENILSON,AMADEU FURTADO,10,"0,1",ELEITO
2024,1,FORTALEZA,12999,RAIMUNDO FILHO,AMADEU FURTADO,44,"0,43",SUPLENTE
2024,1,FORTALEZA,44777,RENE PESSOA,AMADEU FURTADO,3,"0,05",SUPLENTE
2024,1,FORTALEZA,10123,RONALDO MARTINS,AMADEU FURTADO,6,"0,03",ELEITO
2024,1,FORTALEZA,44190,SOLDADO NOELIO,AMADEU FURTADO,19,"0,28",ELEITO
2024,1,FORTALEZA,55555,TIA FRANCISCA,AMADEU FURTADO,4,"0,06",SUPLENTE
2024,1,FORTALEZA,55777,TONY BRITO,AMADEU FURTADO,27,"0,22",SUPLENTE
2024,1,FORTALEZA,20000,WELLINGTON SABÓIA,AMADEU FURTADO,35,"0,32",ELEITO
2024,1,FORTALEZA,12777,ADAIL JR.,ANCURI,3,"0,02",ELEITO
2024,1,FORTALEZA,50777,ADRIANA GERÔNIMO,ANCURI,2,"0,02",ELEITO
2024,1,FORTALEZA,13120,AGLAYLSON,ANCURI,23,"0,24",ELEITO
2024,1,FORTALEZA,70123,ANA ARACAPÉ,ANCURI,2,"0,02",ELEITO
2024,1,FORTALEZA,55011,APOLLO VICZ,ANCURI,6,"0,05",ELEITO
2024,1,FORTALEZA,40000,BÁ,ANCURI,5,"0,07",ELEITO
2024,1,FORTALEZA,22022,BELLA CARMELO,ANCURI,13,"0,05",ELEITO
2024,1,FORTALEZA,10456,BENIGNO JUNIOR,ANCURI,2,"0,02",ELEITO
2024,1,FORTALEZA,55789,BRUNO MESQUITA,ANCURI,3,"0,02",ELEITO
2024,1,FORTALEZA,27123,CARLA DO ACILON,ANCURI,17,"0,18",ELEITO
2024,1,FORTALEZA,25456,CHIQUINHO DOS CARNEIROS,ANCURI,35,"0,37",ELEITO
2024,1,FORTALEZA,70369,CLAUDIO LIMA,ANCURI,1,"0,01",SUPLENTE
2024,1,FORTALEZA,13123,DR VICENTE,ANCURI,1,"0,01",SUPLENTE
2024,1,FORTALEZA,12500,DR. LUCIANO GIRÃO,ANCURI,4,"0,03",ELEITO
2024,1,FORTALEZA,70111,EMANUEL ACRIZIO,ANCURI,2,"0,01",ELEITO
2024,1,FORTALEZA,55111,ERICH DOUGLAS,ANCURI,22,"0,17",ELEITO
2024,1,FORTALEZA,55000,EUDES BRINGEL,ANCURI,1,"0,01",ELEITO
2024,1,FORTALEZA,50555,GABRIEL BIOLOGIA,ANCURI,2,"0,01",ELEITO
2024,1,FORTALEZA,12333,GARDEL ROLIM,ANCURI,9,"0,06",ELEITO
2024,1,FORTALEZA,33024,GERMANO HE MAN,ANCURI,2,"0,02",ELEITO
2024,1,FORTALEZA,11678,IRMÃO LÉO,ANCURI,5,"0,1",ELEITO
2024,1,FORTALEZA,12111,JÂNIO HENRIQUE,ANCURI,3,"0,03",ELEITO
2024,1,FORTALEZA,45000,JORGE PINHEIRO,ANCURI,4,"0,04",ELEITO
2024,1,FORTALEZA,22123,JULIERME SENA,ANCURI,6,"0,06",ELEITO
2024,1,FORTALEZA,13321,JULIO BRIZZI,ANCURI,3,"0,04",ELEITO
2024,1,FORTALEZA,12123,KÁTIA RODRIGUES,ANCURI,6,"0,05",ELEITO
2024,1,FORTALEZA,40123,LEO COUTO,ANCURI,1,"0,01",ELEITO
2024,1,FORTALEZA,36789,LUIZ PAUPINA,ANCURI,4,"0,07",ELEITO
2024,1,FORTALEZA,12000,MARCEL COLARES,ANCURI,18,"0,12",ELEITO
2024,1,FORTALEZA,70200,MARCELO TCHELA,ANCURI,6,"0,09",SUPLENTE
2024,1,FORTALEZA,44444,MÁRCIO MARTINS,ANCURI,4,"0,03",ELEITO
2024,1,FORTALEZA,13131,MARI LACERDA,ANCURI,1,"0,01",ELEITO
2024,1,FORTALEZA,25777,NILO DANTAS,ANCURI,6,"0,1",SUPLENTE
2024,1,FORTALEZA,12444,PAULO MARTINS,ANCURI,15,"0,12",ELEITO
2024,1,FORTALEZA,70222,PEDRO MATOS,ANCURI,4,"0,05",ELEITO
2024,1,FORTALEZA,12800,PPCELL,ANCURI,10,"0,09",ELEITO
2024,1,FORTALEZA,22222,PRISCILA COSTA,ANCURI,11,"0,03",ELEITO
2024,1,FORTALEZA,25123,PROFESSOR AGUIAR TOBA,ANCURI,4,"0,06",ELEITO
2024,1,FORTALEZA,23456,PROFESSOR ENILSON,ANCURI,5,"0,05",ELEITO
2024,1,FORTALEZA,12999,RAIMUNDO FILHO,ANCURI,2,"0,02",SUPLENTE
2024,1,FORTALEZA,44777,RENE PESSOA,ANCURI,4,"0,07",SUPLENTE
2024,1,FORTALEZA,10123,RONALDO MARTINS,ANCURI,32,"0,16",ELEITO
2024,1,FORTALEZA,44190,SOLDADO NOELIO,ANCURI,6,"0,09",ELEITO
2024,1,FORTALEZA,55555,TIA FRANCISCA,ANCURI,3,"0,04",SUPLENTE
2024,1,FORTALEZA,55777,TONY BRITO,ANCURI,1,"0,01",SUPLENTE
2024,1,FORTALEZA,20000,WELLINGTON SABÓIA,ANCURI,23,"0,21",ELEITO
2024,1,FORTALEZA,12777,ADAIL JR.,ANTÔNIO BEZERRA,4971,"34,85",ELEITO
2024,1,FORTALEZA,50777,ADRIANA GERÔNIMO,ANTÔNIO BEZERRA,114,"1,25",ELEITO
2024,1,FORTALEZA,13120,AGLAYLSON,ANTÔNIO BEZERRA,189,"1,97",ELEITO
2024,1,FORTALEZA,70123,ANA ARACAPÉ,ANTÔNIO BEZERRA,46,"0,45",ELEITO
2024,1,FORTALEZA,55011,APOLLO VICZ,ANTÔNIO BEZERRA,226,"1,77",ELEITO
2024,1,FORTALEZA,40000,BÁ,ANTÔNIO BEZERRA,45,"0,6",ELEITO
2024,1,FORTALEZA,22022,BELLA CARMELO,ANTÔNIO BEZERRA,359,"1,28",ELEITO
2024,1,FORTALEZA,10456,BENIGNO JUNIOR,ANTÔNIO BEZERRA,89,"1,07",ELEITO
2024,1,FORTALEZA,55789,BRUNO MESQUITA,ANTÔNIO BEZERRA,1084,"7,64",ELEITO
2024,1,FORTALEZA,27123,CARLA DO ACILON,ANTÔNIO BEZERRA,44,"0,47",ELEITO
2024,1,FORTALEZA,25456,CHIQUINHO DOS CARNEIROS,ANTÔNIO BEZERRA,18,"0,19",ELEITO
2024,1,FORTALEZA,70369,CLAUDIO LIMA,ANTÔNIO BEZERRA,151,"1,93",SUPLENTE
2024,1,FORTALEZA,55300,CÔNSUL DO POVO,ANTÔNIO BEZERRA,35,"0,66",SUPLENTE
2024,1,FORTALEZA,20012,DAYANE COSTA,ANTÔNIO BEZERRA,20,"0,42",SUPLENTE
2024,1,FORTALEZA,13123,DR VICENTE,ANTÔNIO BEZERRA,82,"1,08",SUPLENTE
2024,1,FORTALEZA,12500,DR. LUCIANO GIRÃO,ANTÔNIO BEZERRA,88,"0,76",ELEITO
2024,1,FORTALEZA,27999,DUMMAR,ANTÔNIO BEZERRA,14,"0,42",SUPLENTE
2024,1,FORTALEZA,70111,EMANUEL ACRIZIO,ANTÔNIO BEZERRA,135,"0,84",ELEITO
2024,1,FORTALEZA,55111,ERICH DOUGLAS,ANTÔNIO BEZERRA,195,"1,47",ELEITO
2024,1,FORTALEZA,55000,EUDES BRINGEL,ANTÔNIO BEZERRA,306,"2,49",ELEITO
2024,1,FORTALEZA,50555,GABRIEL BIOLOGIA,ANTÔNIO BEZERRA,402,"1,31",ELEITO
2024,1,FORTALEZA,12333,GARDEL ROLIM,ANTÔNIO BEZERRA,160,1,ELEITO
2024,1,FORTALEZA,33024,GERMANO HE MAN,ANTÔNIO BEZERRA,35,"0,34",ELEITO
2024,1,FORTALEZA,22122,INSPETOR ALBERTO,ANTÔNIO BEZERRA,152,"1,92",ELEITO
2024,1,FORTALEZA,11678,IRMÃO LÉO,ANTÔNIO BEZERRA,24,"0,46",ELEITO
2024,1,FORTALEZA,12111,JÂNIO HENRIQUE,ANTÔNIO BEZERRA,67,"0,61",ELEITO
2024,1,FORTALEZA,40789,JOHN MONTEIRO,ANTÔNIO BEZERRA,4,"0,1",SUPLENTE
2024,1,FORTALEZA,45000,JORGE PINHEIRO,ANTÔNIO BEZERRA,177,"1,56",ELEITO
2024,1,FORTALEZA,22123,JULIERME SENA,ANTÔNIO BEZERRA,294,"2,83",ELEITO
2024,1,FORTALEZA,13321,JULIO BRIZZI,ANTÔNIO BEZERRA,71,"0,91",ELEITO
2024,1,FORTALEZA,12123,KÁTIA RODRIGUES,ANTÔNIO BEZERRA,104,"0,87",ELEITO
2024,1,FORTALEZA,40123,LEO COUTO,ANTÔNIO BEZERRA,496,"5,53",ELEITO
2024,1,FORTALEZA,36789,LUIZ PAUPINA,ANTÔNIO BEZERRA,18,"0,3",ELEITO
2024,1,FORTALEZA,12000,MARCEL COLARES,ANTÔNIO BEZERRA,31,"0,2",ELEITO
2024,1,FORTALEZA,22333,MARCELO MENDES,ANTÔNIO BEZERRA,58,"0,81",ELEITO
2024,1,FORTALEZA,70200,MARCELO TCHELA,ANTÔNIO BEZERRA,112,"1,69",SUPLENTE
2024,1,FORTALEZA,44444,MÁRCIO MARTINS,ANTÔNIO BEZERRA,52,"0,43",ELEITO
2024,1,FORTALEZA,11111,MARCOS PAULO,ANTÔNIO BEZERRA,13,"0,26",ELEITO
2024,1,FORTALEZA,13131,MARI LACERDA,ANTÔNIO BEZERRA,146,"1,82",ELEITO
2024,1,FORTALEZA,25555,MICHEL LINS,ANTÔNIO BEZERRA,119,"1,24",ELEITO
2024,1,FORTALEZA,25777,NILO DANTAS,ANTÔNIO BEZERRA,35,"0,56",SUPLENTE
2024,1,FORTALEZA,12444,PAULO MARTINS,ANTÔNIO BEZERRA,50,"0,39",ELEITO
2024,1,FORTALEZA,70222,PEDRO MATOS,ANTÔNIO BEZERRA,48,"0,54",ELEITO
2024,1,FORTALEZA,12800,PPCELL,ANTÔNIO BEZERRA,54,"0,49",ELEITO
2024,1,FORTALEZA,22222,PRISCILA COSTA,ANTÔNIO BEZERRA,409,"1,13",ELEITO
2024,1,FORTALEZA,25123,PROFESSOR AGUIAR TOBA,ANTÔNIO BEZERRA,43,"0,61",ELEITO
2024,1,FORTALEZA,23456,PROFESSOR ENILSON,ANTÔNIO BEZERRA,52,"0,51",ELEITO
2024,1,FORTALEZA,12999,RAIMUNDO FILHO,ANTÔNIO BEZERRA,92,"0,9",SUPLENTE
2024,1,FORTALEZA,44777,RENE PESSOA,ANTÔNIO BEZERRA,68,"1,14",SUPLENTE
2024,1,FORTALEZA,10123,RONALDO MARTINS,ANTÔNIO BEZERRA,362,"1,78",ELEITO
2024,1,FORTALEZA,44190,SOLDADO NOELIO,ANTÔNIO BEZERRA,180,"2,63",ELEITO
2024,1,FORTALEZA,55555,TIA FRANCISCA,ANTÔNIO BEZERRA,17,"0,25",SUPLENTE
2024,1,FORTALEZA,55777,TONY BRITO,ANTÔNIO BEZERRA,154,"1,26",SUPLENTE
2024,1,FORTALEZA,20000,WELLINGTON SABÓIA,ANTÔNIO BEZERRA,171,"1,55",ELEITO
2024,1,FORTALEZA,12777,ADAIL JR.,AUTRAN NUNES,1255,"8,8",ELEITO
2024,1,FORTALEZA,50777,ADRIANA GERÔNIMO,AUTRAN NUNES,14,"0,15",ELEITO
2024,1,FORTALEZA,13120,AGLAYLSON,AUTRAN NUNES,140,"1,46",ELEITO
2024,1,FORTALEZA,70123,ANA ARACAPÉ,AUTRAN NUNES,40,"0,39",ELEITO
2024,1,FORTALEZA,55011,APOLLO VICZ,AUTRAN NUNES,75,"0,59",ELEITO
2024,1,FORTALEZA,40000,BÁ,AUTRAN NUNES,60,"0,8",ELEITO
2024,1,FORTALEZA,22022,BELLA CARMELO,AUTRAN NUNES,121,"0,43",ELEITO
2024,1,FORTALEZA,10456,BENIGNO JUNIOR,AUTRAN NUNES,25,"0,3",ELEITO
2024,1,FORTALEZA,55789,BRUNO MESQUITA,AUTRAN NUNES,61,"0,43",ELEITO
2024,1,FORTALEZA,27123,CARLA DO ACILON,AUTRAN NUNES,23,"0,24",ELEITO
2024,1,FORTALEZA,25456,CHIQUINHO DOS CARNEIROS,AUTRAN NUNES,11,"0,12",ELEITO
2024,1,FORTALEZA,70369,CLAUDIO LIMA,AUTRAN NUNES,12,"0,15",SUPLENTE
2024,1,FORTALEZA,55300,CÔNSUL DO POVO,AUTRAN NUNES,18,"0,34",SUPLENTE
2024,1,FORTALEZA,20012,DAYANE COSTA,AUTRAN NUNES,6,"0,12",SUPLENTE
2024,1,FORTALEZA,13123,DR VICENTE,AUTRAN NUNES,17,"0,22",SUPLENTE
2024,1,FORTALEZA,12500,DR. LUCIANO GIRÃO,AUTRAN NUNES,37,"0,32",ELEITO
2024,1,FORTALEZA,27999,DUMMAR,AUTRAN NUNES,1,"0,03",SUPLENTE
2024,1,FORTALEZA,70111,EMANUEL ACRIZIO,AUTRAN NUNES,106,"0,66",ELEITO
2024,1,FORTALEZA,55111,ERICH DOUGLAS,AUTRAN NUNES,57,"0,43",ELEITO
2024,1,FORTALEZA,55000,EUDES BRINGEL,AUTRAN NUNES,902,"7,34",ELEITO
2024,1,FORTALEZA,50555,GABRIEL BIOLOGIA,AUTRAN NUNES,58,"0,19",ELEITO
2024,1,FORTALEZA,12333,GARDEL ROLIM,AUTRAN NUNES,94,"0,59",ELEITO
2024,1,FORTALEZA,33024,GERMANO HE MAN,AUTRAN NUNES,8,"0,08",ELEITO
2024,1,FORTALEZA,22122,INSPETOR ALBERTO,AUTRAN NUNES,55,"0,7",ELEITO
2024,1,FORTALEZA,11678,IRMÃO LÉO,AUTRAN NUNES,5,"0,1",ELEITO
2024,1,FORTALEZA,12111,JÂNIO HENRIQUE,AUTRAN NUNES,88,"0,8",ELEITO
2024,1,FORTALEZA,40789,JOHN MONTEIRO,AUTRAN NUNES,3,"0,07",SUPLENTE
2024,1,FORTALEZA,45000,JORGE PINHEIRO,AUTRAN NUNES,26,"0,23",ELEITO
2024,1,FORTALEZA,22123,JULIERME SENA,AUTRAN NUNES,112,"1,08",ELEITO
2024,1,FORTALEZA,13321,JULIO BRIZZI,AUTRAN NUNES,19,"0,24",ELEITO
2024,1,FORTALEZA,12123,KÁTIA RODRIGUES,AUTRAN NUNES,59,"0,49",ELEITO
2024,1,FORTALEZA,40123,LEO COUTO,AUTRAN NUNES,41,"0,46",ELEITO
2024,1,FORTALEZA,36789,LUIZ PAUPINA,AUTRAN NUNES,16,"0,27",ELEITO
2024,1,FORTALEZA,12000,MARCEL COLARES,AUTRAN NUNES,17,"0,11",ELEITO
2024,1,FORTALEZA,22333,MARCELO MENDES,AUTRAN NUNES,17,"0,24",ELEITO
2024,1,FORTALEZA,70200,MARCELO TCHELA,AUTRAN NUNES,30,"0,45",SUPLENTE
2024,1,FORTALEZA,44444,MÁRCIO MARTINS,AUTRAN NUNES,27,"0,22",ELEITO
2024,1,FORTALEZA,11111,MARCOS PAULO,AUTRAN NUNES,6,"0,12",ELEITO
2024,1,FORTALEZA,13131,MARI LACERDA,AUTRAN NUNES,21,"0,26",ELEITO
2024,1,FORTALEZA,25555,MICHEL LINS,AUTRAN NUNES,35,"0,37",ELEITO
2024,1,FORTALEZA,25777,NILO DANTAS,AUTRAN NUNES,25,"0,4",SUPLENTE
2024,1,FORTALEZA,12444,PAULO MARTINS,AUTRAN NUNES,41,"0,32",ELEITO
2024,1,FORTALEZA,70222,PEDRO MATOS,AUTRAN NUNES,40,"0,45",ELEITO
2024,1,FORTALEZA,12800,PPCELL,AUTRAN NUNES,39,"0,35",ELEITO
2024,1,FORTALEZA,22222,PRISCILA COSTA,AUTRAN NUNES,139,"0,38",ELEITO
2024,1,FORTALEZA,25123,PROFESSOR AGUIAR TOBA,AUTRAN NUNES,82,"1,17",ELEITO
2024,1,FORTALEZA,23456,PROFESSOR ENILSON,AUTRAN NUNES,18,"0,18",ELEITO
2024,1,FORTALEZA,12999,RAIMUNDO FILHO,AUTRAN NUNES,33,"0,32",SUPLENTE
2024,1,FORTALEZA,44777,RENE PESSOA,AUTRAN NUNES,33,"0,55",SUPLENTE
2024,1,FORTALEZA,10123,RONALDO MARTINS,AUTRAN NUNES,232,"1,14",ELEITO
2024,1,FORTALEZA,44190,SOLDADO NOELIO,AUTRAN NUNES,35,"0,51",ELEITO
2024,1,FORTALEZA,55555,TIA FRANCISCA,AUTRAN NUNES,12,"0,17",SUPLENTE
2024,1,FORTALEZA,55777,TONY BRITO,AUTRAN NUNES,49,"0,4",SUPLENTE
2024,1,FORTALEZA,20000,WELLINGTON SABÓIA,AUTRAN NUNES,39,"0,35",ELEITO
2024,1,FORTALEZA,12777,ADAIL JR.,BARRA DO CEARÁ,255,"1,79",ELEITO
2024,1,FORTALEZA,50777,ADRIANA GERÔNIMO,BARRA DO CEARÁ,187,"2,06",ELEITO
2024,1,FORTALEZA,13120,AGLAYLSON,BARRA DO CEARÁ,304,"3,17",ELEITO
2024,1,FORTALEZA,70123,ANA ARACAPÉ,BARRA DO CEARÁ,94,"0,91",ELEITO
2024,1,FORTALEZA,55011,APOLLO VICZ,BARRA DO CEARÁ,248,"1,94",ELEITO
2024,1,FORTALEZA,40000,BÁ,BARRA DO CEARÁ,108,"1,43",ELEITO
2024,1,FORTALEZA,22022,BELLA CARMELO,BARRA DO CEARÁ,593,"2,11",ELEITO
2024,1,FORTALEZA,10456,BENIGNO JUNIOR,BARRA DO CEARÁ,118,"1,41",ELEITO
2024,1,FORTALEZA,55789,BRUNO MESQUITA,BARRA DO CEARÁ,107,"0,75",ELEITO
2024,1,FORTALEZA,27123,CARLA DO ACILON,BARRA DO CEARÁ,118,"1,25",ELEITO
2024,1,FORTALEZA,25456,CHIQUINHO DOS CARNEIROS,BARRA DO CEARÁ,20,"0,21",ELEITO
2024,1,FORTALEZA,70369,CLAUDIO LIMA,BARRA DO CEARÁ,516,"6,58",SUPLENTE
2024,1,FORTALEZA,55300,CÔNSUL DO POVO,BARRA DO CEARÁ,66,"1,24",SUPLENTE
2024,1,FORTALEZA,20012,DAYANE COSTA,BARRA DO CEARÁ,27,"0,56",SUPLENTE
2024,1,FORTALEZA,13123,DR VICENTE,BARRA DO CEARÁ,192,"2,53",SUPLENTE
2024,1,FORTALEZA,12500,DR. LUCIANO GIRÃO,BARRA DO CEARÁ,832,"7,22",ELEITO
2024,1,FORTALEZA,27999,DUMMAR,BARRA DO CEARÁ,14,"0,42",SUPLENTE
2024,1,FORTALEZA,70111,EMANUEL ACRIZIO,BARRA DO CEARÁ,919,"5,71",ELEITO
2024,1,FORTALEZA,55111,ERICH DOUGLAS,BARRA DO CEARÁ,357,"2,69",ELEITO
2024,1,FORTALEZA,55000,EUDES BRINGEL,BARRA DO CEARÁ,90,"0,73",ELEITO
2024,1,FORTALEZA,50555,GABRIEL BIOLOGIA,BARRA DO CEARÁ,389,"1,27",ELEITO
2024,1,FORTALEZA,12333,GARDEL ROLIM,BARRA DO CEARÁ,261,"1,63",ELEITO
2024,1,FORTALEZA,33024,GERMANO HE MAN,BARRA DO CEARÁ,194,"1,91",ELEITO
2024,1,FORTALEZA,22122,INSPETOR ALBERTO,BARRA DO CEARÁ,184,"2,33",ELEITO
2024,1,FORTALEZA,11678,IRMÃO LÉO,BARRA DO CEARÁ,141,"2,7",ELEITO
2024,1,FORTALEZA,12111,JÂNIO HENRIQUE,BARRA DO CEARÁ,64,"0,58",ELEITO
2024,1,FORTALEZA,40789,JOHN MONTEIRO,BARRA DO CEARÁ,22,"0,52",SUPLENTE
2024,1,FORTALEZA,45000,JORGE PINHEIRO,BARRA DO CEARÁ,139,"1,22",ELEITO
2024,1,FORTALEZA,22123,JULIERME SENA,BARRA DO CEARÁ,261,"2,51",ELEITO
2024,1,FORTALEZA,13321,JULIO BRIZZI,BARRA DO CEARÁ,232,"2,99",ELEITO
2024,1,FORTALEZA,12123,KÁTIA RODRIGUES,BARRA DO CEARÁ,1211,"10,13",ELEITO
2024,1,FORTALEZA,40123,LEO COUTO,BARRA DO CEARÁ,442,"4,92",ELEITO
2024,1,FORTALEZA,36789,LUIZ PAUPINA,BARRA DO CEARÁ,45,"0,75",ELEITO
2024,1,FORTALEZA,12000,MARCEL COLARES,BARRA DO CEARÁ,61,"0,4",ELEITO
2024,1,FORTALEZA,22333,MARCELO MENDES,BARRA DO CEARÁ,68,"0,94",ELEITO
2024,1,FORTALEZA,70200,MARCELO TCHELA,BARRA DO CEARÁ,90,"1,36",SUPLENTE
2024,1,FORTALEZA,44444,MÁRCIO MARTINS,BARRA DO CEARÁ,150,"1,25",ELEITO
2024,1,FORTALEZA,11111,MARCOS PAULO,BARRA DO CEARÁ,17,"0,34",ELEITO
2024,1,FORTALEZA,13131,MARI LACERDA,BARRA DO CEARÁ,130,"1,62",ELEITO
2024,1,FORTALEZA,25555,MICHEL LINS,BARRA DO CEARÁ,128,"1,34",ELEITO
2024,1,FORTALEZA,25777,NILO DANTAS,BARRA DO CEARÁ,162,"2,58",SUPLENTE
2024,1,FORTALEZA,12444,PAULO MARTINS,BARRA DO CEARÁ,109,"0,84",ELEITO
2024,1,FORTALEZA,70222,PEDRO MATOS,BARRA DO CEARÁ,176,"1,98",ELEITO
2024,1,FORTALEZA,12800,PPCELL,BARRA DO CEARÁ,107,"0,97",ELEITO
2024,1,FORTALEZA,22222,PRISCILA COSTA,BARRA DO CEARÁ,799,"2,21",ELEITO
2024,1,FORTALEZA,25123,PROFESSOR AGUIAR TOBA,BARRA DO CEARÁ,21,"0,3",ELEITO
2024,1,FORTALEZA,23456,PROFESSOR ENILSON,BARRA DO CEARÁ,273,"2,69",ELEITO
2024,1,FORTALEZA,12999,RAIMUNDO FILHO,BARRA DO CEARÁ,91,"0,89",SUPLENTE
2024,1,FORTALEZA,44777,RENE PESSOA,BARRA DO CEARÁ,330,"5,53",SUPLENTE
2024,1,FORTALEZA,10123,RONALDO MARTINS,BARRA DO CEARÁ,731,"3,6",ELEITO
2024,1,FORTALEZA,44190,SOLDADO NOELIO,BARRA DO CEARÁ,233,"3,4",ELEITO
2024,1,FORTALEZA,55555,TIA FRANCISCA,BARRA DO CEARÁ,27,"0,39",SUPLENTE
2024,1,FORTALEZA,55777,TONY BRITO,BARRA DO CEARÁ,232,"1,91",SUPLENTE
2024,1,FORTALEZA,20000,WELLINGTON SABÓIA,BARRA DO CEARÁ,340,"3,09",ELEITO
2024,1,FORTALEZA,12777,ADAIL JR.,BARROSO,11,"0,08",ELEITO
2024,1,FORTALEZA,50777,ADRIANA GERÔNIMO,BARROSO,42,"0,46",ELEITO
2024,1,FORTALEZA,13120,AGLAYLSON,BARROSO,91,"0,95",ELEITO
2024,1,FORTALEZA,70123,ANA ARACAPÉ,BARROSO,35,"0,34",ELEITO
2024,1,FORTALEZA,55011,APOLLO VICZ,BARROSO,125,"0,98",ELEITO
2024,1,FORTALEZA,40000,BÁ,BARROSO,28,"0,37",ELEITO
2024,1,FORTALEZA,22022,BELLA CARMELO,BARROSO,220,"0,78",ELEITO
2024,1,FORTALEZA,10456,BENIGNO JUNIOR,BARROSO,80,"0,96",ELEITO
2024,1,FORTALEZA,55789,BRUNO MESQUITA,BARROSO,30,"0,21",ELEITO
2024,1,FORTALEZA,27123,CARLA DO ACILON,BARROSO,106,"1,13",ELEITO
2024,1,FORTALEZA,25456,CHIQUINHO DOS CARNEIROS,BARROSO,15,"0,16",ELEITO
2024,1,FORTALEZA,70369,CLAUDIO LIMA,BARROSO,12,"0,15",SUPLENTE
2024,1,FORTALEZA,55300,CÔNSUL DO POVO,BARROSO,84,"1,58",SUPLENTE
2024,1,FORTALEZA,20012,DAYANE COSTA,BARROSO,16,"0,33",SUPLENTE
2024,1,FORTALEZA,13123,DR VICENTE,BARROSO,70,"0,92",SUPLENTE
2024,1,FORTALEZA,12500,DR. LUCIANO GIRÃO,BARROSO,137,"1,19",ELEITO
2024,1,FORTALEZA,27999,DUMMAR,BARROSO,218,"6,6",SUPLENTE
2024,1,FORTALEZA,70111,EMANUEL ACRIZIO,BARROSO,66,"0,41",ELEITO
2024,1,FORTALEZA,55111,ERICH DOUGLAS,BARROSO,154,"1,16",ELEITO
2024,1,FORTALEZA,55000,EUDES BRINGEL,BARROSO,14,"0,11",ELEITO
2024,1,FORTALEZA,50555,GABRIEL BIOLOGIA,BARROSO,140,"0,46",ELEITO
2024,1,FORTALEZA,12333,GARDEL ROLIM,BARROSO,298,"1,86",ELEITO
2024,1,FORTALEZA,33024,GERMANO HE MAN,BARROSO,99,"0,97",ELEITO
2024,1,FORTALEZA,22122,INSPETOR ALBERTO,BARROSO,86,"1,09",ELEITO
2024,1,FORTALEZA,11678,IRMÃO LÉO,BARROSO,88,"1,69",ELEITO
2024,1,FORTALEZA,12111,JÂNIO HENRIQUE,BARROSO,218,"1,99",ELEITO
2024,1,FORTALEZA,40789,JOHN MONTEIRO,BARROSO,15,"0,36",SUPLENTE
2024,1,FORTALEZA,45000,JORGE PINHEIRO,BARROSO,54,"0,48",ELEITO
2024,1,FORTALEZA,22123,JULIERME SENA,BARROSO,66,"0,64",ELEITO
2024,1,FORTALEZA,13321,JULIO BRIZZI,BARROSO,66,"0,85",ELEITO
2024,1,FORTALEZA,12123,KÁTIA RODRIGUES,BARROSO,16,"0,13",ELEITO
2024,1,FORTALEZA,40123,LEO COUTO,BARROSO,53,"0,59",ELEITO
2024,1,FORTALEZA,36789,LUIZ PAUPINA,BARROSO,228,"3,78",ELEITO
2024,1,FORTALEZA,12000,MARCEL COLARES,BARROSO,1807,"11,84",ELEITO
2024,1,FORTALEZA,22333,MARCELO MENDES,BARROSO,24,"0,33",ELEITO
2024,1,FORTALEZA,70200,MARCELO TCHELA,BARROSO,33,"0,5",SUPLENTE
2024,1,FORTALEZA,44444,MÁRCIO MARTINS,BARROSO,50,"0,42",ELEITO
2024,1,FORTALEZA,11111,MARCOS PAULO,BARROSO,44,"0,88",ELEITO
2024,1,FORTALEZA,13131,MARI LACERDA,BARROSO,42,"0,52",ELEITO
2024,1,FORTALEZA,25555,MICHEL LINS,BARROSO,54,"0,56",ELEITO
2024,1,FORTALEZA,25777,NILO DANTAS,BARROSO,33,"0,52",SUPLENTE
2024,1,FORTALEZA,12444,PAULO MARTINS,BARROSO,129,1,ELEITO
2024,1,FORTALEZA,70222,PEDRO MATOS,BARROSO,72,"0,81",ELEITO
2024,1,FORTALEZA,12800,PPCELL,BARROSO,196,"1,78",ELEITO
2024,1,FORTALEZA,22222,PRISCILA COSTA,BARROSO,413,"1,14",ELEITO
2024,1,FORTALEZA,25123,PROFESSOR AGUIAR TOBA,BARROSO,38,"0,54",ELEITO
2024,1,FORTALEZA,23456,PROFESSOR ENILSON,BARROSO,40,"0,39",ELEITO
2024,1,FORTALEZA,12999,RAIMUNDO FILHO,BARROSO,33,"0,32",SUPLENTE
2024,1,FORTALEZA,44777,RENE PESSOA,BARROSO,131,"2,19",SUPLENTE
2024,1,FORTALEZA,10123,RONALDO MARTINS,BARROSO,464,"2,29",ELEITO
2024,1,FORTALEZA,44190,SOLDADO NOELIO,BARROSO,79,"1,15",ELEITO
2024,1,FORTALEZA,55555,TIA FRANCISCA,BARROSO,27,"0,39",SUPLENTE
2024,1,FORTALEZA,55777,TONY BRITO,BARROSO,59,"0,48",SUPLENTE
2024,1,FORTALEZA,20000,WELLINGTON SABÓIA,BARROSO,60,"0,54",ELEITO
2024,1,FORTALEZA,12777,ADAIL JR.,BELA VISTA,76,"0,53",ELEITO
2024,1,FORTALEZA,50777,ADRIANA GERÔNIMO,BELA VISTA,72,"0,79",ELEITO
2024,1,FORTALEZA,13120,AGLAYLSON,BELA VISTA,50,"0,52",ELEITO
2024,1,FORTALEZA,70123,ANA ARACAPÉ,BELA VISTA,33,"0,32",ELEITO
2024,1,FORTALEZA,55011,APOLLO VICZ,BELA VISTA,131,"1,03",ELEITO
2024,1,FORTALEZA,40000,BÁ,BELA VISTA,44,"0,58",ELEITO
2024,1,FORTALEZA,22022,BELLA CARMELO,BELA VISTA,229,"0,81",ELEITO
2024,1,FORTALEZA,10456,BENIGNO JUNIOR,BELA VISTA,39,"0,47",ELEITO
2024,1,FORTALEZA,55789,BRUNO MESQUITA,BELA VISTA,1801,"12,69",ELEITO
2024,1,FORTALEZA,27123,CARLA DO ACILON,BELA VISTA,95,"1,01",ELEITO
2024,1,FORTALEZA,25456,CHIQUINHO DOS CARNEIROS,BELA VISTA,10,"0,1",ELEITO
2024,1,FORTALEZA,70369,CLAUDIO LIMA,BELA VISTA,36,"0,46",SUPLENTE
2024,1,FORTALEZA,55300,CÔNSUL DO POVO,BELA VISTA,21,"0,4",SUPLENTE
2024,1,FORTALEZA,20012,DAYANE COSTA,BELA VISTA,7,"0,15",SUPLENTE
2024,1,FORTALEZA,13123,DR VICENTE,BELA VISTA,84,"1,11",SUPLENTE
2024,1,FORTALEZA,12500,DR. LUCIANO GIRÃO,BELA VISTA,49,"0,43",ELEITO
2024,1,FORTALEZA,27999,DUMMAR,BELA VISTA,5,"0,15",SUPLENTE
2024,1,FORTALEZA,70111,EMANUEL ACRIZIO,BELA VISTA,153,"0,95",ELEITO
2024,1,FORTALEZA,55111,ERICH DOUGLAS,BELA VISTA,146,"1,1",ELEITO
2024,1,FORTALEZA,55000,EUDES BRINGEL,BELA VISTA,80,"0,65",ELEITO
2024,1,FORTALEZA,50555,GABRIEL BIOLOGIA,BELA VISTA,239,"0,78",ELEITO
2024,1,FORTALEZA,12333,GARDEL ROLIM,BELA VISTA,96,"0,6",ELEITO
2024,1,FORTALEZA,33024,GERMANO HE MAN,BELA VISTA,60,"0,59",ELEITO
2024,1,FORTALEZA,22122,INSPETOR ALBERTO,BELA VISTA,112,"1,42",ELEITO
2024,1,FORTALEZA,11678,IRMÃO LÉO,BELA VISTA,20,"0,38",ELEITO
2024,1,FORTALEZA,12111,JÂNIO HENRIQUE,BELA VISTA,69,"0,63",ELEITO
2024,1,FORTALEZA,40789,JOHN MONTEIRO,BELA VISTA,14,"0,33",SUPLENTE
2024,1,FORTALEZA,45000,JORGE PINHEIRO,BELA VISTA,70,"0,62",ELEITO
2024,1,FORTALEZA,22123,JULIERME SENA,BELA VISTA,437,"4,21",ELEITO
2024,1,FORTALEZA,13321,JULIO BRIZZI,BELA VISTA,83,"1,07",ELEITO
2024,1,FORTALEZA,12123,KÁTIA RODRIGUES,BELA VISTA,55,"0,46",ELEITO
2024,1,FORTALEZA,40123,LEO COUTO,BELA VISTA,136,"1,52",ELEITO
2024,1,FORTALEZA,36789,LUIZ PAUPINA,BELA VISTA,12,"0,2",ELEITO
2024,1,FORTALEZA,12000,MARCEL COLARES,BELA VISTA,36,"0,24",ELEITO
2024,1,FORTALEZA,22333,MARCELO MENDES,BELA VISTA,37,"0,51",ELEITO
2024,1,FORTALEZA,70200,MARCELO TCHELA,BELA VISTA,440,"6,63",SUPLENTE
2024,1,FORTALEZA,44444,MÁRCIO MARTINS,BELA VISTA,80,"0,66",ELEITO
2024,1,FORTALEZA,11111,MARCOS PAULO,BELA VISTA,7,"0,14",ELEITO
2024,1,FORTALEZA,13131,MARI LACERDA,BELA VISTA,70,"0,87",ELEITO
2024,1,FORTALEZA,25555,MICHEL LINS,BELA VISTA,174,"1,82",ELEITO
2024,1,FORTALEZA,25777,NILO DANTAS,BELA VISTA,90,"1,43",SUPLENTE
2024,1,FORTALEZA,12444,PAULO MARTINS,BELA VISTA,62,"0,48",ELEITO
2024,1,FORTALEZA,70222,PEDRO MATOS,BELA VISTA,37,"0,42",ELEITO
2024,1,FORTALEZA,12800,PPCELL,BELA VISTA,21,"0,19",ELEITO
2024,1,FORTALEZA,22222,PRISCILA COSTA,BELA VISTA,488,"1,35",ELEITO
2024,1,FORTALEZA,25123,PROFESSOR AGUIAR TOBA,BELA VISTA,14,"0,2",ELEITO
2024,1,FORTALEZA,23456,PROFESSOR ENILSON,BELA VISTA,54,"0,53",ELEITO
2024,1,FORTALEZA,12999,RAIMUNDO FILHO,BELA VISTA,1796,"17,51",SUPLENTE
2024,1,FORTALEZA,44777,RENE PESSOA,BELA VISTA,21,"0,35",SUPLENTE
2024,1,FORTALEZA,10123,RONALDO MARTINS,BELA VISTA,70,"0,35",ELEITO
2024,1,FORTALEZA,44190,SOLDADO NOELIO,BELA VISTA,133,"1,94",ELEITO
2024,1,FORTALEZA,55555,TIA FRANCISCA,BELA VISTA,39,"0,56",SUPLENTE
2024,1,FORTALEZA,55777,TONY BRITO,BELA VISTA,98,"0,8",SUPLENTE
2024,1,FORTALEZA,20000,WELLINGTON SABÓIA,BELA VISTA,670,"6,08",ELEITO
2024,1,FORTALEZA,12777,ADAIL JR.,BENFICA,30,"0,21",ELEITO
2024,1,FORTALEZA,50777,ADRIANA GERÔNIMO,BENFICA,246,"2,71",ELEITO
2024,1,FORTALEZA,13120,AGLAYLSON,BENFICA,58,"0,6",ELEITO
2024,1,FORTALEZA,70123,ANA ARACAPÉ,BENFICA,25,"0,24",ELEITO
2024,1,FORTALEZA,55011,APOLLO VICZ,BENFICA,114,"0,89",ELEITO
2024,1,FORTALEZA,40000,BÁ,BENFICA,7,"0,09",ELEITO
2024,1,FORTALEZA,22022,BELLA CARMELO,BENFICA,238,"0,85",ELEITO
2024,1,FORTALEZA,10456,BENIGNO JUNIOR,BENFICA,77,"0,92",ELEITO
2024,1,FORTALEZA,55789,BRUNO MESQUITA,BENFICA,84,"0,59",ELEITO
2024,1,FORTALEZA,27123,CARLA DO ACILON,BENFICA,28,"0,3",ELEITO
2024,1,FORTALEZA,25456,CHIQUINHO DOS CARNEIROS,BENFICA,9,"0,09",ELEITO
2024,1,FORTALEZA,70369,CLAUDIO LIMA,BENFICA,11,"0,14",SUPLENTE
2024,1,FORTALEZA,55300,CÔNSUL DO POVO,BENFICA,10,"0,19",SUPLENTE
2024,1,FORTALEZA,20012,DAYANE COSTA,BENFICA,6,"0,12",SUPLENTE
2024,1,FORTALEZA,13123,DR VICENTE,BENFICA,196,"2,59",SUPLENTE
2024,1,FORTALEZA,12500,DR. LUCIANO GIRÃO,BENFICA,46,"0,4",ELEITO
2024,1,FORTALEZA,27999,DUMMAR,BENFICA,13,"0,39",SUPLENTE
2024,1,FORTALEZA,70111,EMANUEL ACRIZIO,BENFICA,73,"0,45",ELEITO
2024,1,FORTALEZA,55111,ERICH DOUGLAS,BENFICA,134,"1,01",ELEITO
2024,1,FORTALEZA,55000,EUDES BRINGEL,BENFICA,45,"0,37",ELEITO
2024,1,FORTALEZA,50555,GABRIEL BIOLOGIA,BENFICA,516,"1,68",ELEITO
2024,1,FORTALEZA,12333,GARDEL ROLIM,BENFICA,41,"0,26",ELEITO
2024,1,FORTALEZA,33024,GERMANO HE MAN,BENFICA,46,"0,45",ELEITO
2024,1,FORTALEZA,22122,INSPETOR ALBERTO,BENFICA,64,"0,81",ELEITO
2024,1,FORTALEZA,11678,IRMÃO LÉO,BENFICA,3,"0,06",ELEITO
2024,1,FORTALEZA,12111,JÂNIO HENRIQUE,BENFICA,32,"0,29",ELEITO
2024,1,FORTALEZA,40789,JOHN MONTEIRO,BENFICA,8,"0,19",SUPLENTE
2024,1,FORTALEZA,45000,JORGE PINHEIRO,BENFICA,103,"0,91",ELEITO
2024,1,FORTALEZA,22123,JULIERME SENA,BENFICA,47,"0,45",ELEITO
2024,1,FORTALEZA,13321,JULIO BRIZZI,BENFICA,86,"1,11",ELEITO
2024,1,FORTALEZA,12123,KÁTIA RODRIGUES,BENFICA,51,"0,43",ELEITO
2024,1,FORTALEZA,40123,LEO COUTO,BENFICA,20,"0,22",ELEITO
2024,1,FORTALEZA,36789,LUIZ PAUPINA,BENFICA,8,"0,13",ELEITO
2024,1,FORTALEZA,12000,MARCEL COLARES,BENFICA,25,"0,16",ELEITO
2024,1,FORTALEZA,22333,MARCELO MENDES,BENFICA,71,"0,99",ELEITO
2024,1,FORTALEZA,70200,MARCELO TCHELA,BENFICA,21,"0,32",SUPLENTE
2024,1,FORTALEZA,44444,MÁRCIO MARTINS,BENFICA,223,"1,85",ELEITO
2024,1,FORTALEZA,11111,MARCOS PAULO,BENFICA,5,"0,1",ELEITO
2024,1,FORTALEZA,13131,MARI LACERDA,BENFICA,172,"2,14",ELEITO
2024,1,FORTALEZA,25555,MICHEL LINS,BENFICA,180,"1,88",ELEITO
2024,1,FORTALEZA,25777,NILO DANTAS,BENFICA,11,"0,17",SUPLENTE
2024,1,FORTALEZA,12444,PAULO MARTINS,BENFICA,65,"0,5",ELEITO
2024,1,FORTALEZA,70222,PEDRO MATOS,BENFICA,44,"0,5",ELEITO
2024,1,FORTALEZA,12800,PPCELL,BENFICA,21,"0,19",ELEITO
2024,1,FORTALEZA,22222,PRISCILA COSTA,BENFICA,216,"0,6",ELEITO
2024,1,FORTALEZA,25123,PROFESSOR AGUIAR TOBA,BENFICA,18,"0,26",ELEITO
2024,1,FORTALEZA,23456,PROFESSOR ENILSON,BENFICA,48,"0,47",ELEITO
2024,1,FORTALEZA,12999,RAIMUNDO FILHO,BENFICA,34,"0,33",SUPLENTE
2024,1,FORTALEZA,44777,RENE PESSOA,BENFICA,25,"0,42",SUPLENTE
2024,1,FORTALEZA,10123,RONALDO MARTINS,BENFICA,81,"0,4",ELEITO
2024,1,FORTALEZA,44190,SOLDADO NOELIO,BENFICA,51,"0,74",ELEITO
2024,1,FORTALEZA,55555,TIA FRANCISCA,BENFICA,13,"0,19",SUPLENTE
2024,1,FORTALEZA,55777,TONY BRITO,BENFICA,114,"0,94",SUPLENTE
2024,1,FORTALEZA,20000,WELLINGTON SABÓIA,BENFICA,81,"0,74",ELEITO
2024,1,FORTALEZA,12777,ADAIL JR.,BOA VISTA-CASTELÃO,11,"0,08",ELEITO
2024,1,FORTALEZA,50777,ADRIANA GERÔNIMO,BOA VISTA-CASTELÃO,47,"0,52",ELEITO
2024,1,FORTALEZA,13120,AGLAYLSON,BOA VISTA-CASTELÃO,29,"0,3",ELEITO
2024,1,FORTALEZA,70123,ANA ARACAPÉ,BOA VISTA-CASTELÃO,29,"0,28",ELEITO
2024,1,FORTALEZA,55011,APOLLO VICZ,BOA VISTA-CASTELÃO,41,"0,32",ELEITO
2024,1,FORTALEZA,40000,BÁ,BOA VISTA-CASTELÃO,9,"0,12",ELEITO
2024,1,FORTALEZA,22022,BELLA CARMELO,BOA VISTA-CASTELÃO,134,"0,48",ELEITO
2024,1,FORTALEZA,10456,BENIGNO JUNIOR,BOA VISTA-CASTELÃO,38,"0,46",ELEITO
2024,1,FORTALEZA,55789,BRUNO MESQUITA,BOA VISTA-CASTELÃO,18,"0,13",ELEITO
2024,1,FORTALEZA,27123,CARLA DO ACILON,BOA VISTA-CASTELÃO,25,"0,27",ELEITO
2024,1,FORTALEZA,25456,CHIQUINHO DOS CARNEIROS,BOA VISTA-CASTELÃO,17,"0,18",ELEITO
2024,1,FORTALEZA,70369,CLAUDIO LIMA,BOA VISTA-CASTELÃO,7,"0,09",SUPLENTE
2024,1,FORTALEZA,55300,CÔNSUL DO POVO,BOA VISTA-CASTELÃO,8,"0,15",SUPLENTE
2024,1,FORTALEZA,20012,DAYANE COSTA,BOA VISTA-CASTELÃO,7,"0,15",SUPLENTE
2024,1,FORTALEZA,13123,DR VICENTE,BOA VISTA-CASTELÃO,26,"0,34",SUPLENTE
2024,1,FORTALEZA,12500,DR. LUCIANO GIRÃO,BOA VISTA-CASTELÃO,73,"0,63",ELEITO
2024,1,FORTALEZA,27999,DUMMAR,BOA VISTA-CASTELÃO,17,"0,51",SUPLENTE
2024,1,FORTALEZA,70111,EMANUEL ACRIZIO,BOA VISTA-CASTELÃO,85,"0,53",ELEITO
2024,1,FORTALEZA,55111,ERICH DOUGLAS,BOA VISTA-CASTELÃO,64,"0,48",ELEITO
2024,1,FORTALEZA,55000,EUDES BRINGEL,BOA VISTA-CASTELÃO,26,"0,21",ELEITO
2024,1,FORTALEZA,50555,GABRIEL BIOLOGIA,BOA VISTA-CASTELÃO,131,"0,43",ELEITO
2024,1,FORTALEZA,12333,GARDEL ROLIM,BOA VISTA-CASTELÃO,109,"0,68",ELEITO
2024,1,FORTALEZA,33024,GERMANO HE MAN,BOA VISTA-CASTELÃO,30,"0,3",ELEITO
2024,1,FORTALEZA,22122,INSPETOR ALBERTO,BOA VISTA-CASTELÃO,44,"0,56",ELEITO
2024,1,FORTALEZA,11678,IRMÃO LÉO,BOA VISTA-CASTELÃO,19,"0,36",ELEITO
2024,1,FORTALEZA,12111,JÂNIO HENRIQUE,BOA VISTA-CASTELÃO,6,"0,05",ELEITO
2024,1,FORTALEZA,40789,JOHN MONTEIRO,BOA VISTA-CASTELÃO,5,"0,12",SUPLENTE
2024,1,FORTALEZA,45000,JORGE PINHEIRO,BOA VISTA-CASTELÃO,85,"0,75",ELEITO
2024,1,FORTALEZA,22123,JULIERME SENA,BOA VISTA-CASTELÃO,35,"0,34",ELEITO
2024,1,FORTALEZA,13321,JULIO BRIZZI,BOA VISTA-CASTELÃO,28,"0,36",ELEITO
2024,1,FORTALEZA,12123,KÁTIA RODRIGUES,BOA VISTA-CASTELÃO,34,"0,28",ELEITO
2024,1,FORTALEZA,40123,LEO COUTO,BOA VISTA-CASTELÃO,10,"0,11",ELEITO
2024,1,FORTALEZA,36789,LUIZ PAUPINA,BOA VISTA-CASTELÃO,4,"0,07",ELEITO
2024,1,FORTALEZA,12000,MARCEL COLARES,BOA VISTA-CASTELÃO,37,"0,24",ELEITO
2024,1,FORTALEZA,22333,MARCELO MENDES,BOA VISTA-CASTELÃO,18,"0,25",ELEITO
2024,1,FORTALEZA,70200,MARCELO TCHELA,BOA VISTA-CASTELÃO,23,"0,35",SUPLENTE
2024,1,FORTALEZA,44444,MÁRCIO MARTINS,BOA VISTA-CASTELÃO,35,"0,29",ELEITO
2024,1,FORTALEZA,11111,MARCOS PAULO,BOA VISTA-CASTELÃO,8,"0,16",ELEITO
2024,1,FORTALEZA,13131,MARI LACERDA,BOA VISTA-CASTELÃO,22,"0,27",ELEITO
2024,1,FORTALEZA,25555,MICHEL LINS,BOA VISTA-CASTELÃO,25,"0,26",ELEITO
2024,1,FORTALEZA,25777,NILO DANTAS,BOA VISTA-CASTELÃO,6,"0,1",SUPLENTE
2024,1,FORTALEZA,12444,PAULO MARTINS,BOA VISTA-CASTELÃO,343,"2,65",ELEITO
2024,1,FORTALEZA,70222,PEDRO MATOS,BOA VISTA-CASTELÃO,44,"0,5",ELEITO
2024,1,FORTALEZA,12800,PPCELL,BOA VISTA-CASTELÃO,45,"0,41",ELEITO
2024,1,FORTALEZA,22222,PRISCILA COSTA,BOA VISTA-CASTELÃO,192,"0,53",ELEITO
2024,1,FORTALEZA,25123,PROFESSOR AGUIAR TOBA,BOA VISTA-CASTELÃO,6,"0,09",ELEITO
2024,1,FORTALEZA,23456,PROFESSOR ENILSON,BOA VISTA-CASTELÃO,120,"1,18",ELEITO
2024,1,FORTALEZA,12999,RAIMUNDO FILHO,BOA VISTA-CASTELÃO,25,"0,24",SUPLENTE
2024,1,FORTALEZA,44777,RENE PESSOA,BOA VISTA-CASTELÃO,120,"2,01",SUPLENTE
2024,1,FORTALEZA,10123,RONALDO MARTINS,BOA VISTA-CASTELÃO,119,"0,59",ELEITO
2024,1,FORTALEZA,44190,SOLDADO NOELIO,BOA VISTA-CASTELÃO,25,"0,36",ELEITO
2024,1,FORTALEZA,55555,TIA FRANCISCA,BOA VISTA-CASTELÃO,12,"0,17",SUPLENTE
2024,1,FORTALEZA,55777,TONY BRITO,BOA VISTA-CASTELÃO,40,"0,33",SUPLENTE
2024,1,FORTALEZA,20000,WELLINGTON SABÓIA,BOA VISTA-CASTELÃO,46,"0,42",ELEITO
2024,1,FORTALEZA,12777,ADAIL JR.,BOM FUTURO,17,"0,12",ELEITO
2024,1,FORTALEZA,50777,ADRIANA GERÔNIMO,BOM FUTURO,70,"0,77",ELEITO
2024,1,FORTALEZA,13120,AGLAYLSON,BOM FUTURO,34,"0,35",ELEITO
2024,1,FORTALEZA,70123,ANA ARACAPÉ,BOM FUTURO,30,"0,29",ELEITO
2024,1,FORTALEZA,55011,APOLLO VICZ,BOM FUTURO,65,"0,51",ELEITO
2024,1,FORTALEZA,40000,BÁ,BOM FUTURO,7,"0,09",ELEITO
2024,1,FORTALEZA,22022,BELLA CARMELO,BOM FUTURO,159,"0,57",ELEITO
2024,1,FORTALEZA,10456,BENIGNO JUNIOR,BOM FUTURO,159,"1,9",ELEITO
2024,1,FORTALEZA,55789,BRUNO MESQUITA,BOM FUTURO,107,"0,75",ELEITO
2024,1,FORTALEZA,27123,CARLA DO ACILON,BOM FUTURO,26,"0,28",ELEITO
2024,1,FORTALEZA,25456,CHIQUINHO DOS CARNEIROS,BOM FUTURO,9,"0,09",ELEITO
2024,1,FORTALEZA,70369,CLAUDIO LIMA,BOM FUTURO,13,"0,17",SUPLENTE
2024,1,FORTALEZA,55300,CÔNSUL DO POVO,BOM FUTURO,20,"0,38",SUPLENTE
2024,1,FORTALEZA,20012,DAYANE COSTA,BOM FUTURO,5,"0,1",SUPLENTE
2024,1,FORTALEZA,13123,DR VICENTE,BOM FUTURO,56,"0,74",SUPLENTE
2024,1,FORTALEZA,12500,DR. LUCIANO GIRÃO,BOM FUTURO,16,"0,14",ELEITO
2024,1,FORTALEZA,27999,DUMMAR,BOM FUTURO,37,"1,12",SUPLENTE
2024,1,FORTALEZA,70111,EMANUEL ACRIZIO,BOM FUTURO,40,"0,25",ELEITO
2024,1,FORTALEZA,55111,ERICH DOUGLAS,BOM FUTURO,88,"0,66",ELEITO
2024,1,FORTALEZA,55000,EUDES BRINGEL,BOM FUTURO,70,"0,57",ELEITO
2024,1,FORTALEZA,50555,GABRIEL BIOLOGIA,BOM FUTURO,270,"0,88",ELEITO
2024,1,FORTALEZA,12333,GARDEL ROLIM,BOM FUTURO,42,"0,26",ELEITO
2024,1,FORTALEZA,33024,GERMANO HE MAN,BOM FUTURO,139,"1,37",ELEITO
2024,1,FORTALEZA,22122,INSPETOR ALBERTO,BOM FUTURO,54,"0,68",ELEITO
2024,1,FORTALEZA,11678,IRMÃO LÉO,BOM FUTURO,6,"0,12",ELEITO
2024,1,FORTALEZA,12111,JÂNIO HENRIQUE,BOM FUTURO,24,"0,22",ELEITO
2024,1,FORTALEZA,40789,JOHN MONTEIRO,BOM FUTURO,1,"0,02",SUPLENTE
2024,1,FORTALEZA,45000,JORGE PINHEIRO,BOM FUTURO,108,"0,95",ELEITO
2024,1,FORTALEZA,22123,JULIERME SENA,BOM FUTURO,64,"0,62",ELEITO
2024,1,FORTALEZA,13321,JULIO BRIZZI,BOM FUTURO,27,"0,35",ELEITO
2024,1,FORTALEZA,12123,KÁTIA RODRIGUES,BOM FUTURO,15,"0,13",ELEITO
2024,1,FORTALEZA,40123,LEO COUTO,BOM FUTURO,22,"0,25",ELEITO
2024,1,FORTALEZA,36789,LUIZ PAUPINA,BOM FUTURO,7,"0,12",ELEITO
2024,1,FORTALEZA,12000,MARCEL COLARES,BOM FUTURO,22,"0,14",ELEITO
2024,1,FORTALEZA,22333,MARCELO MENDES,BOM FUTURO,14,"0,19",ELEITO
2024,1,FORTALEZA,70200,MARCELO TCHELA,BOM FUTURO,59,"0,89",SUPLENTE
2024,1,FORTALEZA,44444,MÁRCIO MARTINS,BOM FUTURO,1372,"11,39",ELEITO
2024,1,FORTALEZA,11111,MARCOS PAULO,BOM FUTURO,2,"0,04",ELEITO
2024,1,FORTALEZA,13131,MARI LACERDA,BOM FUTURO,35,"0,44",ELEITO
2024,1,FORTALEZA,25555,MICHEL LINS,BOM FUTURO,43,"0,45",ELEITO
2024,1,FORTALEZA,25777,NILO DANTAS,BOM FUTURO,11,"0,17",SUPLENTE
2024,1,FORTALEZA,12444,PAULO MARTINS,BOM FUTURO,83,"0,64",ELEITO
2024,1,FORTALEZA,70222,PEDRO MATOS,BOM FUTURO,38,"0,43",ELEITO
2024,1,FORTALEZA,12800,PPCELL,BOM FUTURO,14,"0,13",ELEITO
2024,1,FORTALEZA,22222,PRISCILA COSTA,BOM FUTURO,156,"0,43",ELEITO
2024,1,FORTALEZA,25123,PROFESSOR AGUIAR TOBA,BOM FUTURO,18,"0,26",ELEITO
2024,1,FORTALEZA,23456,PROFESSOR ENILSON,BOM FUTURO,58,"0,57",ELEITO
2024,1,FORTALEZA,12999,RAIMUNDO FILHO,BOM FUTURO,67,"0,65",SUPLENTE
2024,1,FORTALEZA,44777,RENE PESSOA,BOM FUTURO,27,"0,45",SUPLENTE
2024,1,FORTALEZA,10123,RONALDO MARTINS,BOM FUTURO,28,"0,14",ELEITO
2024,1,FORTALEZA,44190,SOLDADO NOELIO,BOM FUTURO,30,"0,44",ELEITO
2024,1,FORTALEZA,55555,TIA FRANCISCA,BOM FUTURO,13,"0,19",SUPLENTE
2024,1,FORTALEZA,55777,TONY BRITO,BOM FUTURO,65,"0,53",SUPLENTE
2024,1,FORTALEZA,20000,WELLINGTON SABÓIA,BOM FUTURO,58,"0,53",ELEITO
2024,1,FORTALEZA,12777,ADAIL JR.,BOM JARDIM,70,"0,49",ELEITO
2024,1,FORTALEZA,50777,ADRIANA GERÔNIMO,BOM JARDIM,83,"0,91",ELEITO
2024,1,FORTALEZA,13120,AGLAYLSON,BOM JARDIM,389,"4,05",ELEITO
2024,1,FORTALEZA,70123,ANA ARACAPÉ,BOM JARDIM,126,"1,22",ELEITO
2024,1,FORTALEZA,55011,APOLLO VICZ,BOM JARDIM,311,"2,44",ELEITO
2024,1,FORTALEZA,40000,BÁ,BOM JARDIM,212,"2,82",ELEITO
2024,1,FORTALEZA,22022,BELLA CARMELO,BOM JARDIM,326,"1,16",ELEITO
2024,1,FORTALEZA,10456,BENIGNO JUNIOR,BOM JARDIM,38,"0,46",ELEITO
2024,1,FORTALEZA,55789,BRUNO MESQUITA,BOM JARDIM,253,"1,78",ELEITO
2024,1,FORTALEZA,27123,CARLA DO ACILON,BOM JARDIM,209,"2,22",ELEITO
2024,1,FORTALEZA,25456,CHIQUINHO DOS CARNEIROS,BOM JARDIM,36,"0,38",ELEITO
2024,1,FORTALEZA,70369,CLAUDIO LIMA,BOM JARDIM,23,"0,29",SUPLENTE
2024,1,FORTALEZA,55300,CÔNSUL DO POVO,BOM JARDIM,154,"2,9",SUPLENTE
2024,1,FORTALEZA,20012,DAYANE COSTA,BOM JARDIM,7,"0,15",SUPLENTE
2024,1,FORTALEZA,13123,DR VICENTE,BOM JARDIM,127,"1,68",SUPLENTE
2024,1,FORTALEZA,12500,DR. LUCIANO GIRÃO,BOM JARDIM,207,"1,8",ELEITO
2024,1,FORTALEZA,27999,DUMMAR,BOM JARDIM,11,"0,33",SUPLENTE
2024,1,FORTALEZA,70111,EMANUEL ACRIZIO,BOM JARDIM,609,"3,79",ELEITO
2024,1,FORTALEZA,55111,ERICH DOUGLAS,BOM JARDIM,272,"2,05",ELEITO
2024,1,FORTALEZA,55000,EUDES BRINGEL,BOM JARDIM,98,"0,8",ELEITO
2024,1,FORTALEZA,50555,GABRIEL BIOLOGIA,BOM JARDIM,165,"0,54",ELEITO
2024,1,FORTALEZA,12333,GARDEL ROLIM,BOM JARDIM,274,"1,71",ELEITO
2024,1,FORTALEZA,33024,GERMANO HE MAN,BOM JARDIM,56,"0,55",ELEITO
2024,1,FORTALEZA,22122,INSPETOR ALBERTO,BOM JARDIM,131,"1,66",ELEITO
2024,1,FORTALEZA,11678,IRMÃO LÉO,BOM JARDIM,68,"1,3",ELEITO
2024,1,FORTALEZA,12111,JÂNIO HENRIQUE,BOM JARDIM,402,"3,67",ELEITO
2024,1,FORTALEZA,40789,JOHN MONTEIRO,BOM JARDIM,4,"0,1",SUPLENTE
2024,1,FORTALEZA,45000,JORGE PINHEIRO,BOM JARDIM,74,"0,65",ELEITO
2024,1,FORTALEZA,22123,JULIERME SENA,BOM JARDIM,103,"0,99",ELEITO
2024,1,FORTALEZA,13321,JULIO BRIZZI,BOM JARDIM,76,"0,98",ELEITO
2024,1,FORTALEZA,12123,KÁTIA RODRIGUES,BOM JARDIM,109,"0,91",ELEITO
2024,1,FORTALEZA,40123,LEO COUTO,BOM JARDIM,61,"0,68",ELEITO
2024,1,FORTALEZA,36789,LUIZ PAUPINA,BOM JARDIM,44,"0,73",ELEITO
2024,1,FORTALEZA,12000,MARCEL COLARES,BOM JARDIM,32,"0,21",ELEITO
2024,1,FORTALEZA,22333,MARCELO MENDES,BOM JARDIM,51,"0,71",ELEITO
2024,1,FORTALEZA,70200,MARCELO TCHELA,BOM JARDIM,92,"1,39",SUPLENTE
2024,1,FORTALEZA,44444,MÁRCIO MARTINS,BOM JARDIM,104,"0,86",ELEITO
2024,1,FORTALEZA,11111,MARCOS PAULO,BOM JARDIM,23,"0,46",ELEITO
2024,1,FORTALEZA,13131,MARI LACERDA,BOM JARDIM,188,"2,34",ELEITO
2024,1,FORTALEZA,25555,MICHEL LINS,BOM JARDIM,140,"1,46",ELEITO
2024,1,FORTALEZA,25777,NILO DANTAS,BOM JARDIM,1159,"18,43",SUPLENTE
2024,1,FORTALEZA,12444,PAULO MARTINS,BOM JARDIM,105,"0,81",ELEITO
2024,1,FORTALEZA,70222,PEDRO MATOS,BOM JARDIM,120,"1,35",ELEITO
2024,1,FORTALEZA,12800,PPCELL,BOM JARDIM,54,"0,49",ELEITO
2024,1,FORTALEZA,22222,PRISCILA COSTA,BOM JARDIM,615,"1,7",ELEITO
2024,1,FORTALEZA,25123,PROFESSOR AGUIAR TOBA,BOM JARDIM,252,"3,6",ELEITO
2024,1,FORTALEZA,23456,PROFESSOR ENILSON,BOM JARDIM,1421,"13,99",ELEITO
2024,1,FORTALEZA,12999,RAIMUNDO FILHO,BOM JARDIM,96,"0,94",SUPLENTE
2024,1,FORTALEZA,44777,RENE PESSOA,BOM JARDIM,75,"1,26",SUPLENTE
2024,1,FORTALEZA,10123,RONALDO MARTINS,BOM JARDIM,339,"1,67",ELEITO
2024,1,FORTALEZA,44190,SOLDADO NOELIO,BOM JARDIM,109,"1,59",ELEITO
2024,1,FORTALEZA,55555,TIA FRANCISCA,BOM JARDIM,301,"4,35",SUPLENTE
2024,1,FORTALEZA,55777,TONY BRITO,BOM JARDIM,503,"4,13",SUPLENTE
2024,1,FORTALEZA,20000,WELLINGTON SABÓIA,BOM JARDIM,112,"1,02",ELEITO
2024,1,FORTALEZA,12777,ADAIL JR.,BONSUCESSO,51,"0,36",ELEITO
2024,1,FORTALEZA,50777,ADRIANA GERÔNIMO,BONSUCESSO,49,"0,54",ELEITO
2024,1,FORTALEZA,13120,AGLAYLSON,BONSUCESSO,178,"1,85",ELEITO
2024,1,FORTALEZA,70123,ANA ARACAPÉ,BONSUCESSO,82,"0,79",ELEITO
2024,1,FORTALEZA,55011,APOLLO VICZ,BONSUCESSO,190,"1,49",ELEITO
2024,1,FORTALEZA,40000,BÁ,BONSUCESSO,96,"1,28",ELEITO
2024,1,FORTALEZA,22022,BELLA CARMELO,BONSUCESSO,215,"0,76",ELEITO
2024,1,FORTALEZA,10456,BENIGNO JUNIOR,BONSUCESSO,35,"0,42",ELEITO
2024,1,FORTALEZA,55789,BRUNO MESQUITA,BONSUCESSO,102,"0,72",ELEITO
2024,1,FORTALEZA,27123,CARLA DO ACILON,BONSUCESSO,54,"0,57",ELEITO
2024,1,FORTALEZA,25456,CHIQUINHO DOS CARNEIROS,BONSUCESSO,15,"0,16",ELEITO
2024,1,FORTALEZA,70369,CLAUDIO LIMA,BONSUCESSO,37,"0,47",SUPLENTE
2024,1,FORTALEZA,55300,CÔNSUL DO POVO,BONSUCESSO,41,"0,77",SUPLENTE
2024,1,FORTALEZA,20012,DAYANE COSTA,BONSUCESSO,5,"0,1",SUPLENTE
2024,1,FORTALEZA,13123,DR VICENTE,BONSUCESSO,43,"0,57",SUPLENTE
2024,1,FORTALEZA,12500,DR. LUCIANO GIRÃO,BONSUCESSO,68,"0,59",ELEITO
2024,1,FORTALEZA,27999,DUMMAR,BONSUCESSO,11,"0,33",SUPLENTE
2024,1,FORTALEZA,70111,EMANUEL ACRIZIO,BONSUCESSO,1442,"8,97",ELEITO
2024,1,FORTALEZA,55111,ERICH DOUGLAS,BONSUCESSO,186,"1,4",ELEITO
2024,1,FORTALEZA,55000,EUDES BRINGEL,BONSUCESSO,205,"1,67",ELEITO
2024,1,FORTALEZA,50555,GABRIEL BIOLOGIA,BONSUCESSO,180,"0,59",ELEITO
2024,1,FORTALEZA,12333,GARDEL ROLIM,BONSUCESSO,633,"3,94",ELEITO
2024,1,FORTALEZA,33024,GERMANO HE MAN,BONSUCESSO,34,"0,33",ELEITO
2024,1,FORTALEZA,22122,INSPETOR ALBERTO,BONSUCESSO,100,"1,26",ELEITO
2024,1,FORTALEZA,11678,IRMÃO LÉO,BONSUCESSO,29,"0,56",ELEITO
2024,1,FORTALEZA,12111,JÂNIO HENRIQUE,BONSUCESSO,104,"0,95",ELEITO
2024,1,FORTALEZA,40789,JOHN MONTEIRO,BONSUCESSO,16,"0,38",SUPLENTE
2024,1,FORTALEZA,45000,JORGE PINHEIRO,BONSUCESSO,106,"0,93",ELEITO
2024,1,FORTALEZA,22123,JULIERME SENA,BONSUCESSO,134,"1,29",ELEITO
2024,1,FORTALEZA,13321,JULIO BRIZZI,BONSUCESSO,66,"0,85",ELEITO
2024,1,FORTALEZA,12123,KÁTIA RODRIGUES,BONSUCESSO,110,"0,92",ELEITO
2024,1,FORTALEZA,40123,LEO COUTO,BONSUCESSO,213,"2,37",ELEITO
2024,1,FORTALEZA,36789,LUIZ PAUPINA,BONSUCESSO,12,"0,2",ELEITO
2024,1,FORTALEZA,12000,MARCEL COLARES,BONSUCESSO,17,"0,11",ELEITO
2024,1,FORTALEZA,22333,MARCELO MENDES,BONSUCESSO,32,"0,44",ELEITO
2024,1,FORTALEZA,70200,MARCELO TCHELA,BONSUCESSO,99,"1,49",SUPLENTE
2024,1,FORTALEZA,44444,MÁRCIO MARTINS,BONSUCESSO,88,"0,73",ELEITO
2024,1,FORTALEZA,11111,MARCOS PAULO,BONSUCESSO,21,"0,42",ELEITO
2024,1,FORTALEZA,13131,MARI LACERDA,BONSUCESSO,58,"0,72",ELEITO
2024,1,FORTALEZA,25555,MICHEL LINS,BONSUCESSO,97,"1,01",ELEITO
2024,1,FORTALEZA,25777,NILO DANTAS,BONSUCESSO,271,"4,31",SUPLENTE
2024,1,FORTALEZA,12444,PAULO MARTINS,BONSUCESSO,47,"0,36",ELEITO
2024,1,FORTALEZA,70222,PEDRO MATOS,BONSUCESSO,58,"0,65",ELEITO
2024,1,FORTALEZA,12800,PPCELL,BONSUCESSO,25,"0,23",ELEITO
2024,1,FORTALEZA,22222,PRISCILA COSTA,BONSUCESSO,625,"1,73",ELEITO
2024,1,FORTALEZA,25123,PROFESSOR AGUIAR TOBA,BONSUCESSO,2189,"31,24",ELEITO
2024,1,FORTALEZA,23456,PROFESSOR ENILSON,BONSUCESSO,201,"1,98",ELEITO
2024,1,FORTALEZA,12999,RAIMUNDO FILHO,BONSUCESSO,103,1,SUPLENTE
2024,1,FORTALEZA,44777,RENE PESSOA,BONSUCESSO,37,"0,62",SUPLENTE
2024,1,FORTALEZA,10123,RONALDO MARTINS,BONSUCESSO,280,"1,38",ELEITO
2024,1,FORTALEZA,44190,SOLDADO NOELIO,BONSUCESSO,87,"1,27",ELEITO
2024,1,FORTALEZA,55555,TIA FRANCISCA,BONSUCESSO,125,"1,81",SUPLENTE
2024,1,FORTALEZA,55777,TONY BRITO,BONSUCESSO,156,"1,28",SUPLENTE
2024,1,FORTALEZA,20000,WELLINGTON SABÓIA,BONSUCESSO,125,"1,13",ELEITO
2024,1,FORTALEZA,12777,ADAIL JR.,CAIS DO PORTO,7,"0,05",ELEITO
2024,1,FORTALEZA,50777,ADRIANA GERÔNIMO,CAIS DO PORTO,36,"0,4",ELEITO
2024,1,FORTALEZA,13120,AGLAYLSON,CAIS DO PORTO,185,"1,93",ELEITO
2024,1,FORTALEZA,70123,ANA ARACAPÉ,CAIS DO PORTO,11,"0,11",ELEITO
2024,1,FORTALEZA,55011,APOLLO VICZ,CAIS DO PORTO,64,"0,5",ELEITO
2024,1,FORTALEZA,40000,BÁ,CAIS DO PORTO,10,"0,13",ELEITO
2024,1,FORTALEZA,22022,BELLA CARMELO,CAIS DO PORTO,131,"0,47",ELEITO
2024,1,FORTALEZA,10456,BENIGNO JUNIOR,CAIS DO PORTO,44,"0,53",ELEITO
2024,1,FORTALEZA,55789,BRUNO MESQUITA,CAIS DO PORTO,189,"1,33",ELEITO
2024,1,FORTALEZA,27123,CARLA DO ACILON,CAIS DO PORTO,20,"0,21",ELEITO
2024,1,FORTALEZA,25456,CHIQUINHO DOS CARNEIROS,CAIS DO PORTO,88,"0,92",ELEITO
2024,1,FORTALEZA,70369,CLAUDIO LIMA,CAIS DO PORTO,181,"2,31",SUPLENTE
2024,1,FORTALEZA,55300,CÔNSUL DO POVO,CAIS DO PORTO,107,"2,01",SUPLENTE
2024,1,FORTALEZA,20012,DAYANE COSTA,CAIS DO PORTO,563,"11,72",SUPLENTE
2024,1,FORTALEZA,13123,DR VICENTE,CAIS DO PORTO,24,"0,32",SUPLENTE
2024,1,FORTALEZA,12500,DR. LUCIANO GIRÃO,CAIS DO PORTO,152,"1,32",ELEITO
2024,1,FORTALEZA,27999,DUMMAR,CAIS DO PORTO,9,"0,27",SUPLENTE
2024,1,FORTALEZA,70111,EMANUEL ACRIZIO,CAIS DO PORTO,60,"0,37",ELEITO
2024,1,FORTALEZA,55111,ERICH DOUGLAS,CAIS DO PORTO,67,"0,51",ELEITO
2024,1,FORTALEZA,55000,EUDES BRINGEL,CAIS DO PORTO,15,"0,12",ELEITO
2024,1,FORTALEZA,50555,GABRIEL BIOLOGIA,CAIS DO PORTO,118,"0,38",ELEITO
2024,1,FORTALEZA,12333,GARDEL ROLIM,CAIS DO PORTO,63,"0,39",ELEITO
2024,1,FORTALEZA,33024,GERMANO HE MAN,CAIS DO PORTO,6,"0,06",ELEITO
2024,1,FORTALEZA,22122,INSPETOR ALBERTO,CAIS DO PORTO,51,"0,64",ELEITO
2024,1,FORTALEZA,11678,IRMÃO LÉO,CAIS DO PORTO,11,"0,21",ELEITO
2024,1,FORTALEZA,12111,JÂNIO HENRIQUE,CAIS DO PORTO,26,"0,24",ELEITO
2024,1,FORTALEZA,40789,JOHN MONTEIRO,CAIS DO PORTO,685,"16,27",SUPLENTE
2024,1,FORTALEZA,45000,JORGE PINHEIRO,CAIS DO PORTO,34,"0,3",ELEITO
2024,1,FORTALEZA,22123,JULIERME SENA,CAIS DO PORTO,38,"0,37",ELEITO
2024,1,FORTALEZA,13321,JULIO BRIZZI,CAIS DO PORTO,54,"0,7",ELEITO
2024,1,FORTALEZA,12123,KÁTIA RODRIGUES,CAIS DO PORTO,69,"0,58",ELEITO
2024,1,FORTALEZA,40123,LEO COUTO,CAIS DO PORTO,969,"10,8",ELEITO
2024,1,FORTALEZA,36789,LUIZ PAUPINA,CAIS DO PORTO,22,"0,36",ELEITO
2024,1,FORTALEZA,12000,MARCEL COLARES,CAIS DO PORTO,28,"0,18",ELEITO
2024,1,FORTALEZA,22333,MARCELO MENDES,CAIS DO PORTO,29,"0,4",ELEITO
2024,1,FORTALEZA,70200,MARCELO TCHELA,CAIS DO PORTO,264,"3,98",SUPLENTE
2024,1,FORTALEZA,44444,MÁRCIO MARTINS,CAIS DO PORTO,21,"0,17",ELEITO
2024,1,FORTALEZA,11111,MARCOS PAULO,CAIS DO PORTO,7,"0,14",ELEITO
2024,1,FORTALEZA,13131,MARI LACERDA,CAIS DO PORTO,27,"0,34",ELEITO
2024,1,FORTALEZA,25555,MICHEL LINS,CAIS DO PORTO,57,"0,6",ELEITO
2024,1,FORTALEZA,25777,NILO DANTAS,CAIS DO PORTO,37,"0,59",SUPLENTE
2024,1,FORTALEZA,12444,PAULO MARTINS,CAIS DO PORTO,100,"0,77",ELEITO
2024,1,FORTALEZA,70222,PEDRO MATOS,CAIS DO PORTO,72,"0,81",ELEITO
2024,1,FORTALEZA,12800,PPCELL,CAIS DO PORTO,24,"0,22",ELEITO
2024,1,FORTALEZA,22222,PRISCILA COSTA,CAIS DO PORTO,310,"0,86",ELEITO
2024,1,FORTALEZA,25123,PROFESSOR AGUIAR TOBA,CAIS DO PORTO,12,"0,17",ELEITO
2024,1,FORTALEZA,23456,PROFESSOR ENILSON,CAIS DO PORTO,12,"0,12",ELEITO
2024,1,FORTALEZA,12999,RAIMUNDO FILHO,CAIS DO PORTO,5,"0,05",SUPLENTE
2024,1,FORTALEZA,44777,RENE PESSOA,CAIS DO PORTO,7,"0,12",SUPLENTE
2024,1,FORTALEZA,10123,RONALDO MARTINS,CAIS DO PORTO,262,"1,29",ELEITO
2024,1,FORTALEZA,44190,SOLDADO NOELIO,CAIS DO PORTO,20,"0,29",ELEITO
2024,1,FORTALEZA,55555,TIA FRANCISCA,CAIS DO PORTO,16,"0,23",SUPLENTE
2024,1,FORTALEZA,55777,TONY BRITO,CAIS DO PORTO,75,"0,62",SUPLENTE
2024,1,FORTALEZA,20000,WELLINGTON SABÓIA,CAIS DO PORTO,225,"2,04",ELEITO
2024,1,FORTALEZA,12777,ADAIL JR.,CAJAZEIRAS,8,"0,06",ELEITO
2024,1,FORTALEZA,50777,ADRIANA GERÔNIMO,CAJAZEIRAS,31,"0,34",ELEITO
2024,1,FORTALEZA,13120,AGLAYLSON,CAJAZEIRAS,23,"0,24",ELEITO
2024,1,FORTALEZA,70123,ANA ARACAPÉ,CAJAZEIRAS,19,"0,18",ELEITO
2024,1,FORTALEZA,55011,APOLLO VICZ,CAJAZEIRAS,56,"0,44",ELEITO
2024,1,FORTALEZA,40000,BÁ,CAJAZEIRAS,10,"0,13",ELEITO
2024,1,FORTALEZA,22022,BELLA CARMELO,CAJAZEIRAS,151,"0,54",ELEITO
2024,1,FORTALEZA,10456,BENIGNO JUNIOR,CAJAZEIRAS,20,"0,24",ELEITO
2024,1,FORTALEZA,55789,BRUNO MESQUITA,CAJAZEIRAS,12,"0,08",ELEITO
2024,1,FORTALEZA,27123,CARLA DO ACILON,CAJAZEIRAS,208,"2,21",ELEITO
2024,1,FORTALEZA,25456,CHIQUINHO DOS CARNEIROS,CAJAZEIRAS,13,"0,14",ELEITO
2024,1,FORTALEZA,70369,CLAUDIO LIMA,CAJAZEIRAS,2,"0,03",SUPLENTE
2024,1,FORTALEZA,55300,CÔNSUL DO POVO,CAJAZEIRAS,20,"0,38",SUPLENTE
2024,1,FORTALEZA,20012,DAYANE COSTA,CAJAZEIRAS,21,"0,44",SUPLENTE
2024,1,FORTALEZA,13123,DR VICENTE,CAJAZEIRAS,50,"0,66",SUPLENTE
2024,1,FORTALEZA,12500,DR. LUCIANO GIRÃO,CAJAZEIRAS,31,"0,27",ELEITO
2024,1,FORTALEZA,27999,DUMMAR,CAJAZEIRAS,60,"1,82",SUPLENTE
2024,1,FORTALEZA,70111,EMANUEL ACRIZIO,CAJAZEIRAS,18,"0,11",ELEITO
2024,1,FORTALEZA,55111,ERICH DOUGLAS,CAJAZEIRAS,90,"0,68",ELEITO
2024,1,FORTALEZA,55000,EUDES BRINGEL,CAJAZEIRAS,13,"0,11",ELEITO
2024,1,FORTALEZA,50555,GABRIEL BIOLOGIA,CAJAZEIRAS,171,"0,56",ELEITO
2024,1,FORTALEZA,12333,GARDEL ROLIM,CAJAZEIRAS,68,"0,42",ELEITO
2024,1,FORTALEZA,33024,GERMANO HE MAN,CAJAZEIRAS,42,"0,41",ELEITO
2024,1,FORTALEZA,22122,INSPETOR ALBERTO,CAJAZEIRAS,49,"0,62",ELEITO
2024,1,FORTALEZA,11678,IRMÃO LÉO,CAJAZEIRAS,4,"0,08",ELEITO
2024,1,FORTALEZA,12111,JÂNIO HENRIQUE,CAJAZEIRAS,11,"0,1",ELEITO
2024,1,FORTALEZA,40789,JOHN MONTEIRO,CAJAZEIRAS,4,"0,1",SUPLENTE
2024,1,FORTALEZA,45000,JORGE PINHEIRO,CAJAZEIRAS,64,"0,56",ELEITO
2024,1,FORTALEZA,22123,JULIERME SENA,CAJAZEIRAS,34,"0,33",ELEITO
2024,1,FORTALEZA,13321,JULIO BRIZZI,CAJAZEIRAS,34,"0,44",ELEITO
2024,1,FORTALEZA,12123,KÁTIA RODRIGUES,CAJAZEIRAS,12,"0,1",ELEITO
2024,1,FORTALEZA,40123,LEO COUTO,CAJAZEIRAS,9,"0,1",ELEITO
2024,1,FORTALEZA,36789,LUIZ PAUPINA,CAJAZEIRAS,23,"0,38",ELEITO
2024,1,FORTALEZA,12000,MARCEL COLARES,CAJAZEIRAS,286,"1,87",ELEITO
2024,1,FORTALEZA,22333,MARCELO MENDES,CAJAZEIRAS,23,"0,32",ELEITO
2024,1,FORTALEZA,70200,MARCELO TCHELA,CAJAZEIRAS,23,"0,35",SUPLENTE
2024,1,FORTALEZA,44444,MÁRCIO MARTINS,CAJAZEIRAS,23,"0,19",ELEITO
2024,1,FORTALEZA,11111,MARCOS PAULO,CAJAZEIRAS,17,"0,34",ELEITO
2024,1,FORTALEZA,13131,MARI LACERDA,CAJAZEIRAS,33,"0,41",ELEITO
2024,1,FORTALEZA,25555,MICHEL LINS,CAJAZEIRAS,9,"0,09",ELEITO
2024,1,FORTALEZA,25777,NILO DANTAS,CAJAZEIRAS,4,"0,06",SUPLENTE
2024,1,FORTALEZA,12444,PAULO MARTINS,CAJAZEIRAS,50,"0,39",ELEITO
2024,1,FORTALEZA,70222,PEDRO MATOS,CAJAZEIRAS,18,"0,2",ELEITO
2024,1,FORTALEZA,12800,PPCELL,CAJAZEIRAS,56,"0,51",ELEITO
2024,1,FORTALEZA,22222,PRISCILA COSTA,CAJAZEIRAS,207,"0,57",ELEITO
2024,1,FORTALEZA,25123,PROFESSOR AGUIAR TOBA,CAJAZEIRAS,6,"0,09",ELEITO
2024,1,FORTALEZA,23456,PROFESSOR ENILSON,CAJAZEIRAS,28,"0,28",ELEITO
2024,1,FORTALEZA,12999,RAIMUNDO FILHO,CAJAZEIRAS,14,"0,14",SUPLENTE
2024,1,FORTALEZA,44777,RENE PESSOA,CAJAZEIRAS,30,"0,5",SUPLENTE
2024,1,FORTALEZA,10123,RONALDO MARTINS,CAJAZEIRAS,116,"0,57",ELEITO
2024,1,FORTALEZA,44190,SOLDADO NOELIO,CAJAZEIRAS,19,"0,28",ELEITO
2024,1,FORTALEZA,55555,TIA FRANCISCA,CAJAZEIRAS,7,"0,1",SUPLENTE
2024,1,FORTALEZA,55777,TONY BRITO,CAJAZEIRAS,38,"0,31",SUPLENTE
2024,1,FORTALEZA,20000,WELLINGTON SABÓIA,CAJAZEIRAS,30,"0,27",ELEITO
2024,1,FORTALEZA,12777,ADAIL JR.,CAMBEBA,11,"0,08",ELEITO
2024,1,FORTALEZA,50777,ADRIANA GERÔNIMO,CAMBEBA,49,"0,54",ELEITO
2024,1,FORTALEZA,13120,AGLAYLSON,CAMBEBA,21,"0,22",ELEITO
2024,1,FORTALEZA,70123,ANA ARACAPÉ,CAMBEBA,16,"0,16",ELEITO
2024,1,FORTALEZA,55011,APOLLO VICZ,CAMBEBA,57,"0,45",ELEITO
2024,1,FORTALEZA,40000,BÁ,CAMBEBA,1,"0,01",ELEITO
2024,1,FORTALEZA,22022,BELLA CARMELO,CAMBEBA,161,"0,57",ELEITO
2024,1,FORTALEZA,10456,BENIGNO JUNIOR,CAMBEBA,36,"0,43",ELEITO
2024,1,FORTALEZA,55789,BRUNO MESQUITA,CAMBEBA,52,"0,37",ELEITO
2024,1,FORTALEZA,27123,CARLA DO ACILON,CAMBEBA,58,"0,62",ELEITO
2024,1,FORTALEZA,25456,CHIQUINHO DOS CARNEIROS,CAMBEBA,1,"0,01",ELEITO
2024,1,FORTALEZA,55300,CÔNSUL DO POVO,CAMBEBA,27,"0,51",SUPLENTE
2024,1,FORTALEZA,20012,DAYANE COSTA,CAMBEBA,4,"0,08",SUPLENTE
2024,1,FORTALEZA,13123,DR VICENTE,CAMBEBA,31,"0,41",SUPLENTE
2024,1,FORTALEZA,12500,DR. LUCIANO GIRÃO,CAMBEBA,44,"0,38",ELEITO
2024,1,FORTALEZA,27999,DUMMAR,CAMBEBA,12,"0,36",SUPLENTE
2024,1,FORTALEZA,70111,EMANUEL ACRIZIO,CAMBEBA,11,"0,07",ELEITO
2024,1,FORTALEZA,55111,ERICH DOUGLAS,CAMBEBA,52,"0,39",ELEITO
2024,1,FORTALEZA,55000,EUDES BRINGEL,CAMBEBA,20,"0,16",ELEITO
2024,1,FORTALEZA,50555,GABRIEL BIOLOGIA,CAMBEBA,212,"0,69",ELEITO
2024,1,FORTALEZA,12333,GARDEL ROLIM,CAMBEBA,56,"0,35",ELEITO
2024,1,FORTALEZA,33024,GERMANO HE MAN,CAMBEBA,44,"0,43",ELEITO
2024,1,FORTALEZA,22122,INSPETOR ALBERTO,CAMBEBA,33,"0,42",ELEITO
2024,1,FORTALEZA,11678,IRMÃO LÉO,CAMBEBA,4,"0,08",ELEITO
2024,1,FORTALEZA,12111,JÂNIO HENRIQUE,CAMBEBA,4,"0,04",ELEITO
2024,1,FORTALEZA,40789,JOHN MONTEIRO,CAMBEBA,1,"0,02",SUPLENTE
2024,1,FORTALEZA,45000,JORGE PINHEIRO,CAMBEBA,116,"1,02",ELEITO
2024,1,FORTALEZA,22123,JULIERME SENA,CAMBEBA,38,"0,37",ELEITO
2024,1,FORTALEZA,13321,JULIO BRIZZI,CAMBEBA,42,"0,54",ELEITO
2024,1,FORTALEZA,12123,KÁTIA RODRIGUES,CAMBEBA,8,"0,07",ELEITO
2024,1,FORTALEZA,40123,LEO COUTO,CAMBEBA,21,"0,23",ELEITO
2024,1,FORTALEZA,36789,LUIZ PAUPINA,CAMBEBA,17,"0,28",ELEITO
2024,1,FORTALEZA,12000,MARCEL COLARES,CAMBEBA,172,"1,13",ELEITO
2024,1,FORTALEZA,22333,MARCELO MENDES,CAMBEBA,52,"0,72",ELEITO
2024,1,FORTALEZA,70200,MARCELO TCHELA,CAMBEBA,10,"0,15",SUPLENTE
2024,1,FORTALEZA,44444,MÁRCIO MARTINS,CAMBEBA,19,"0,16",ELEITO
2024,1,FORTALEZA,11111,MARCOS PAULO,CAMBEBA,10,"0,2",ELEITO
2024,1,FORTALEZA,13131,MARI LACERDA,CAMBEBA,26,"0,32",ELEITO
2024,1,FORTALEZA,25555,MICHEL LINS,CAMBEBA,8,"0,08",ELEITO
2024,1,FORTALEZA,25777,NILO DANTAS,CAMBEBA,5,"0,08",SUPLENTE
2024,1,FORTALEZA,12444,PAULO MARTINS,CAMBEBA,21,"0,16",ELEITO
2024,1,FORTALEZA,70222,PEDRO MATOS,CAMBEBA,34,"0,38",ELEITO
2024,1,FORTALEZA,12800,PPCELL,CAMBEBA,24,"0,22",ELEITO
2024,1,FORTALEZA,22222,PRISCILA COSTA,CAMBEBA,154,"0,43",ELEITO
2024,1,FORTALEZA,25123,PROFESSOR AGUIAR TOBA,CAMBEBA,6,"0,09",ELEITO
2024,1,FORTALEZA,23456,PROFESSOR ENILSON,CAMBEBA,12,"0,12",ELEITO
2024,1,FORTALEZA,12999,RAIMUNDO FILHO,CAMBEBA,6,"0,06",SUPLENTE
2024,1,FORTALEZA,44777,RENE PESSOA,CAMBEBA,19,"0,32",SUPLENTE
2024,1,FORTALEZA,10123,RONALDO MARTINS,CAMBEBA,52,"0,26",ELEITO
2024,1,FORTALEZA,44190,SOLDADO NOELIO,CAMBEBA,23,"0,34",ELEITO
2024,1,FORTALEZA,55555,TIA FRANCISCA,CAMBEBA,7,"0,1",SUPLENTE
2024,1,FORTALEZA,55777,TONY BRITO,CAMBEBA,34,"0,28",SUPLENTE
2024,1,FORTALEZA,20000,WELLINGTON SABÓIA,CAMBEBA,21,"0,19",ELEITO
2024,1,FORTALEZA,12777,ADAIL JR.,CANINDEZINHO,22,"0,15",ELEITO
2024,1,FORTALEZA,50777,ADRIANA GERÔNIMO,CANINDEZINHO,30,"0,33",ELEITO
2024,1,FORTALEZA,13120,AGLAYLSON,CANINDEZINHO,74,"0,77",ELEITO
2024,1,FORTALEZA,70123,ANA ARACAPÉ,CANINDEZINHO,490,"4,75",ELEITO
2024,1,FORTALEZA,55011,APOLLO VICZ,CANINDEZINHO,150,"1,17",ELEITO
2024,1,FORTALEZA,40000,BÁ,CANINDEZINHO,225,"2,99",ELEITO
2024,1,FORTALEZA,22022,BELLA CARMELO,CANINDEZINHO,83,"0,29",ELEITO
2024,1,FORTALEZA,10456,BENIGNO JUNIOR,CANINDEZINHO,23,"0,28",ELEITO
2024,1,FORTALEZA,55789,BRUNO MESQUITA,CANINDEZINHO,26,"0,18",ELEITO
2024,1,FORTALEZA,27123,CARLA DO ACILON,CANINDEZINHO,23,"0,24",ELEITO
2024,1,FORTALEZA,25456,CHIQUINHO DOS CARNEIROS,CANINDEZINHO,35,"0,37",ELEITO
2024,1,FORTALEZA,70369,CLAUDIO LIMA,CANINDEZINHO,11,"0,14",SUPLENTE
2024,1,FORTALEZA,55300,CÔNSUL DO POVO,CANINDEZINHO,68,"1,28",SUPLENTE
2024,1,FORTALEZA,20012,DAYANE COSTA,CANINDEZINHO,5,"0,1",SUPLENTE
2024,1,FORTALEZA,13123,DR VICENTE,CANINDEZINHO,49,"0,65",SUPLENTE
2024,1,FORTALEZA,12500,DR. LUCIANO GIRÃO,CANINDEZINHO,87,"0,75",ELEITO
2024,1,FORTALEZA,27999,DUMMAR,CANINDEZINHO,3,"0,09",SUPLENTE
2024,1,FORTALEZA,70111,EMANUEL ACRIZIO,CANINDEZINHO,69,"0,43",ELEITO
2024,1,FORTALEZA,55111,ERICH DOUGLAS,CANINDEZINHO,112,"0,85",ELEITO
2024,1,FORTALEZA,55000,EUDES BRINGEL,CANINDEZINHO,27,"0,22",ELEITO
2024,1,FORTALEZA,50555,GABRIEL BIOLOGIA,CANINDEZINHO,46,"0,15",ELEITO
2024,1,FORTALEZA,12333,GARDEL ROLIM,CANINDEZINHO,61,"0,38",ELEITO
2024,1,FORTALEZA,33024,GERMANO HE MAN,CANINDEZINHO,15,"0,15",ELEITO
2024,1,FORTALEZA,22122,INSPETOR ALBERTO,CANINDEZINHO,65,"0,82",ELEITO
2024,1,FORTALEZA,11678,IRMÃO LÉO,CANINDEZINHO,37,"0,71",ELEITO
2024,1,FORTALEZA,12111,JÂNIO HENRIQUE,CANINDEZINHO,1424,"12,98",ELEITO
2024,1,FORTALEZA,40789,JOHN MONTEIRO,CANINDEZINHO,1,"0,02",SUPLENTE
2024,1,FORTALEZA,45000,JORGE PINHEIRO,CANINDEZINHO,25,"0,22",ELEITO
2024,1,FORTALEZA,22123,JULIERME SENA,CANINDEZINHO,39,"0,38",ELEITO
2024,1,FORTALEZA,13321,JULIO BRIZZI,CANINDEZINHO,37,"0,48",ELEITO
2024,1,FORTALEZA,12123,KÁTIA RODRIGUES,CANINDEZINHO,37,"0,31",ELEITO
2024,1,FORTALEZA,40123,LEO COUTO,CANINDEZINHO,27,"0,3",ELEITO
2024,1,FORTALEZA,36789,LUIZ PAUPINA,CANINDEZINHO,8,"0,13",ELEITO
2024,1,FORTALEZA,12000,MARCEL COLARES,CANINDEZINHO,19,"0,12",ELEITO
2024,1,FORTALEZA,22333,MARCELO MENDES,CANINDEZINHO,20,"0,28",ELEITO
2024,1,FORTALEZA,70200,MARCELO TCHELA,CANINDEZINHO,41,"0,62",SUPLENTE
2024,1,FORTALEZA,44444,MÁRCIO MARTINS,CANINDEZINHO,91,"0,76",ELEITO
2024,1,FORTALEZA,11111,MARCOS PAULO,CANINDEZINHO,8,"0,16",ELEITO
2024,1,FORTALEZA,13131,MARI LACERDA,CANINDEZINHO,48,"0,6",ELEITO
2024,1,FORTALEZA,25555,MICHEL LINS,CANINDEZINHO,22,"0,23",ELEITO
2024,1,FORTALEZA,25777,NILO DANTAS,CANINDEZINHO,54,"0,86",SUPLENTE
2024,1,FORTALEZA,12444,PAULO MARTINS,CANINDEZINHO,19,"0,15",ELEITO
2024,1,FORTALEZA,70222,PEDRO MATOS,CANINDEZINHO,39,"0,44",ELEITO
2024,1,FORTALEZA,12800,PPCELL,CANINDEZINHO,27,"0,25",ELEITO
2024,1,FORTALEZA,22222,PRISCILA COSTA,CANINDEZINHO,287,"0,79",ELEITO
2024,1,FORTALEZA,25123,PROFESSOR AGUIAR TOBA,CANINDEZINHO,78,"1,11",ELEITO
2024,1,FORTALEZA,23456,PROFESSOR ENILSON,CANINDEZINHO,99,"0,97",ELEITO
2024,1,FORTALEZA,12999,RAIMUNDO FILHO,CANINDEZINHO,41,"0,4",SUPLENTE
2024,1,FORTALEZA,44777,RENE PESSOA,CANINDEZINHO,26,"0,44",SUPLENTE
2024,1,FORTALEZA,10123,RONALDO MARTINS,CANINDEZINHO,121,"0,6",ELEITO
2024,1,FORTALEZA,44190,SOLDADO NOELIO,CANINDEZINHO,32,"0,47",ELEITO
2024,1,FORTALEZA,55555,TIA FRANCISCA,CANINDEZINHO,165,"2,38",SUPLENTE
2024,1,FORTALEZA,55777,TONY BRITO,CANINDEZINHO,56,"0,46",SUPLENTE
2024,1,FORTALEZA,20000,WELLINGTON SABÓIA,CANINDEZINHO,39,"0,35",ELEITO
2024,1,FORTALEZA,12777,ADAIL JR.,CARLITO PAMPLONA,39,"0,27",ELEITO
2024,1,FORTALEZA,50777,ADRIANA GERÔNIMO,CARLITO PAMPLONA,59,"0,65",ELEITO
2024,1,FORTALEZA,13120,AGLAYLSON,CARLITO PAMPLONA,57,"0,59",ELEITO
2024,1,FORTALEZA,70123,ANA ARACAPÉ,CARLITO PAMPLONA,28,"0,27",ELEITO
2024,1,FORTALEZA,55011,APOLLO VICZ,CARLITO PAMPLONA,123,"0,96",ELEITO
2024,1,FORTALEZA,40000,BÁ,CARLITO PAMPLONA,21,"0,28",ELEITO
2024,1,FORTALEZA,22022,BELLA CARMELO,CARLITO PAMPLONA,152,"0,54",ELEITO
2024,1,FORTALEZA,10456,BENIGNO JUNIOR,CARLITO PAMPLONA,29,"0,35",ELEITO
2024,1,FORTALEZA,55789,BRUNO MESQUITA,CARLITO PAMPLONA,34,"0,24",ELEITO
2024,1,FORTALEZA,27123,CARLA DO ACILON,CARLITO PAMPLONA,103,"1,09",ELEITO
2024,1,FORTALEZA,25456,CHIQUINHO DOS CARNEIROS,CARLITO PAMPLONA,11,"0,12",ELEITO
2024,1,FORTALEZA,70369,CLAUDIO LIMA,CARLITO PAMPLONA,514,"6,56",SUPLENTE
2024,1,FORTALEZA,55300,CÔNSUL DO POVO,CARLITO PAMPLONA,14,"0,26",SUPLENTE
2024,1,FORTALEZA,20012,DAYANE COSTA,CARLITO PAMPLONA,2,"0,04",SUPLENTE
2024,1,FORTALEZA,13123,DR VICENTE,CARLITO PAMPLONA,114,"1,51",SUPLENTE
2024,1,FORTALEZA,12500,DR. LUCIANO GIRÃO,CARLITO PAMPLONA,99,"0,86",ELEITO
2024,1,FORTALEZA,27999,DUMMAR,CARLITO PAMPLONA,7,"0,21",SUPLENTE
2024,1,FORTALEZA,70111,EMANUEL ACRIZIO,CARLITO PAMPLONA,89,"0,55",ELEITO
2024,1,FORTALEZA,55111,ERICH DOUGLAS,CARLITO PAMPLONA,84,"0,63",ELEITO
2024,1,FORTALEZA,55000,EUDES BRINGEL,CARLITO PAMPLONA,31,"0,25",ELEITO
2024,1,FORTALEZA,50555,GABRIEL BIOLOGIA,CARLITO PAMPLONA,155,"0,51",ELEITO
2024,1,FORTALEZA,12333,GARDEL ROLIM,CARLITO PAMPLONA,83,"0,52",ELEITO
2024,1,FORTALEZA,33024,GERMANO HE MAN,CARLITO PAMPLONA,16,"0,16",ELEITO
2024,1,FORTALEZA,22122,INSPETOR ALBERTO,CARLITO PAMPLONA,46,"0,58",ELEITO
2024,1,FORTALEZA,11678,IRMÃO LÉO,CARLITO PAMPLONA,13,"0,25",ELEITO
2024,1,FORTALEZA,12111,JÂNIO HENRIQUE,CARLITO PAMPLONA,16,"0,15",ELEITO
2024,1,FORTALEZA,40789,JOHN MONTEIRO,CARLITO PAMPLONA,10,"0,24",SUPLENTE
2024,1,FORTALEZA,45000,JORGE PINHEIRO,CARLITO PAMPLONA,51,"0,45",ELEITO
2024,1,FORTALEZA,22123,JULIERME SENA,CARLITO PAMPLONA,84,"0,81",ELEITO
2024,1,FORTALEZA,13321,JULIO BRIZZI,CARLITO PAMPLONA,63,"0,81",ELEITO
2024,1,FORTALEZA,12123,KÁTIA RODRIGUES,CARLITO PAMPLONA,541,"4,52",ELEITO
2024,1,FORTALEZA,40123,LEO COUTO,CARLITO PAMPLONA,89,"0,99",ELEITO
2024,1,FORTALEZA,36789,LUIZ PAUPINA,CARLITO PAMPLONA,17,"0,28",ELEITO
2024,1,FORTALEZA,12000,MARCEL COLARES,CARLITO PAMPLONA,12,"0,08",ELEITO
2024,1,FORTALEZA,22333,MARCELO MENDES,CARLITO PAMPLONA,24,"0,33",ELEITO
2024,1,FORTALEZA,70200,MARCELO TCHELA,CARLITO PAMPLONA,47,"0,71",SUPLENTE
2024,1,FORTALEZA,44444,MÁRCIO MARTINS,CARLITO PAMPLONA,46,"0,38",ELEITO
2024,1,FORTALEZA,11111,MARCOS PAULO,CARLITO PAMPLONA,7,"0,14",ELEITO
2024,1,FORTALEZA,13131,MARI LACERDA,CARLITO PAMPLONA,39,"0,49",ELEITO
2024,1,FORTALEZA,25555,MICHEL LINS,CARLITO PAMPLONA,79,"0,83",ELEITO
2024,1,FORTALEZA,25777,NILO DANTAS,CARLITO PAMPLONA,47,"0,75",SUPLENTE
2024,1,FORTALEZA,12444,PAULO MARTINS,CARLITO PAMPLONA,62,"0,48",ELEITO
2024,1,FORTALEZA,70222,PEDRO MATOS,CARLITO PAMPLONA,60,"0,68",ELEITO
2024,1,FORTALEZA,12800,PPCELL,CARLITO PAMPLONA,46,"0,42",ELEITO
2024,1,FORTALEZA,22222,PRISCILA COSTA,CARLITO PAMPLONA,222,"0,61",ELEITO
2024,1,FORTALEZA,25123,PROFESSOR AGUIAR TOBA,CARLITO PAMPLONA,15,"0,21",ELEITO
2024,1,FORTALEZA,23456,PROFESSOR ENILSON,CARLITO PAMPLONA,72,"0,71",ELEITO
2024,1,FORTALEZA,12999,RAIMUNDO FILHO,CARLITO PAMPLONA,31,"0,3",SUPLENTE
2024,1,FORTALEZA,44777,RENE PESSOA,CARLITO PAMPLONA,42,"0,7",SUPLENTE
2024,1,FORTALEZA,10123,RONALDO MARTINS,CARLITO PAMPLONA,181,"0,89",ELEITO
2024,1,FORTALEZA,44190,SOLDADO NOELIO,CARLITO PAMPLONA,96,"1,4",ELEITO
2024,1,FORTALEZA,55555,TIA FRANCISCA,CARLITO PAMPLONA,18,"0,26",SUPLENTE
2024,1,FORTALEZA,55777,TONY BRITO,CARLITO PAMPLONA,122,1,SUPLENTE
2024,1,FORTALEZA,20000,WELLINGTON SABÓIA,CARLITO PAMPLONA,103,"0,94",ELEITO
2024,1,FORTALEZA,12777,ADAIL JR.,CENTRO,88,"0,62",ELEITO
2024,1,FORTALEZA,50777,ADRIANA GERÔNIMO,CENTRO,273,3,ELEITO
2024,1,FORTALEZA,13120,AGLAYLSON,CENTRO,119,"1,24",ELEITO
2024,1,FORTALEZA,70123,ANA ARACAPÉ,CENTRO,74,"0,72",ELEITO
2024,1,FORTALEZA,55011,APOLLO VICZ,CENTRO,294,"2,3",ELEITO
2024,1,FORTALEZA,40000,BÁ,CENTRO,29,"0,39",ELEITO
2024,1,FORTALEZA,22022,BELLA CARMELO,CENTRO,625,"2,22",ELEITO
2024,1,FORTALEZA,10456,BENIGNO JUNIOR,CENTRO,123,"1,47",ELEITO
2024,1,FORTALEZA,55789,BRUNO MESQUITA,CENTRO,138,"0,97",ELEITO
2024,1,FORTALEZA,27123,CARLA DO ACILON,CENTRO,56,"0,59",ELEITO
2024,1,FORTALEZA,25456,CHIQUINHO DOS CARNEIROS,CENTRO,9,"0,09",ELEITO
2024,1,FORTALEZA,70369,CLAUDIO LIMA,CENTRO,51,"0,65",SUPLENTE
2024,1,FORTALEZA,55300,CÔNSUL DO POVO,CENTRO,30,"0,56",SUPLENTE
2024,1,FORTALEZA,20012,DAYANE COSTA,CENTRO,14,"0,29",SUPLENTE
2024,1,FORTALEZA,13123,DR VICENTE,CENTRO,283,"3,74",SUPLENTE
2024,1,FORTALEZA,12500,DR. LUCIANO GIRÃO,CENTRO,84,"0,73",ELEITO
2024,1,FORTALEZA,27999,DUMMAR,CENTRO,20,"0,61",SUPLENTE
2024,1,FORTALEZA,70111,EMANUEL ACRIZIO,CENTRO,110,"0,68",ELEITO
2024,1,FORTALEZA,55111,ERICH DOUGLAS,CENTRO,244,"1,84",ELEITO
2024,1,FORTALEZA,55000,EUDES BRINGEL,CENTRO,97,"0,79",ELEITO
2024,1,FORTALEZA,50555,GABRIEL BIOLOGIA,CENTRO,862,"2,81",ELEITO
2024,1,FORTALEZA,12333,GARDEL ROLIM,CENTRO,132,"0,82",ELEITO
2024,1,FORTALEZA,33024,GERMANO HE MAN,CENTRO,45,"0,44",ELEITO
2024,1,FORTALEZA,22122,INSPETOR ALBERTO,CENTRO,158,2,ELEITO
2024,1,FORTALEZA,11678,IRMÃO LÉO,CENTRO,33,"0,63",ELEITO
2024,1,FORTALEZA,12111,JÂNIO HENRIQUE,CENTRO,30,"0,27",ELEITO
2024,1,FORTALEZA,40789,JOHN MONTEIRO,CENTRO,18,"0,43",SUPLENTE
2024,1,FORTALEZA,45000,JORGE PINHEIRO,CENTRO,281,"2,47",ELEITO
2024,1,FORTALEZA,22123,JULIERME SENA,CENTRO,398,"3,83",ELEITO
2024,1,FORTALEZA,13321,JULIO BRIZZI,CENTRO,163,"2,1",ELEITO
2024,1,FORTALEZA,12123,KÁTIA RODRIGUES,CENTRO,155,"1,3",ELEITO
2024,1,FORTALEZA,40123,LEO COUTO,CENTRO,89,"0,99",ELEITO
2024,1,FORTALEZA,36789,LUIZ PAUPINA,CENTRO,10,"0,17",ELEITO
2024,1,FORTALEZA,12000,MARCEL COLARES,CENTRO,120,"0,79",ELEITO
2024,1,FORTALEZA,22333,MARCELO MENDES,CENTRO,165,"2,29",ELEITO
2024,1,FORTALEZA,70200,MARCELO TCHELA,CENTRO,53,"0,8",SUPLENTE
2024,1,FORTALEZA,44444,MÁRCIO MARTINS,CENTRO,142,"1,18",ELEITO
2024,1,FORTALEZA,11111,MARCOS PAULO,CENTRO,26,"0,52",ELEITO
2024,1,FORTALEZA,13131,MARI LACERDA,CENTRO,236,"2,94",ELEITO
2024,1,FORTALEZA,25555,MICHEL LINS,CENTRO,268,"2,8",ELEITO
2024,1,FORTALEZA,25777,NILO DANTAS,CENTRO,31,"0,49",SUPLENTE
2024,1,FORTALEZA,12444,PAULO MARTINS,CENTRO,109,"0,84",ELEITO
2024,1,FORTALEZA,70222,PEDRO MATOS,CENTRO,140,"1,58",ELEITO
2024,1,FORTALEZA,12800,PPCELL,CENTRO,69,"0,63",ELEITO
2024,1,FORTALEZA,22222,PRISCILA COSTA,CENTRO,555,"1,53",ELEITO
2024,1,FORTALEZA,25123,PROFESSOR AGUIAR TOBA,CENTRO,43,"0,61",ELEITO
2024,1,FORTALEZA,23456,PROFESSOR ENILSON,CENTRO,105,"1,03",ELEITO
2024,1,FORTALEZA,12999,RAIMUNDO FILHO,CENTRO,97,"0,95",SUPLENTE
2024,1,FORTALEZA,44777,RENE PESSOA,CENTRO,85,"1,42",SUPLENTE
2024,1,FORTALEZA,10123,RONALDO MARTINS,CENTRO,475,"2,34",ELEITO
2024,1,FORTALEZA,44190,SOLDADO NOELIO,CENTRO,63,"0,92",ELEITO
2024,1,FORTALEZA,55555,TIA FRANCISCA,CENTRO,31,"0,45",SUPLENTE
2024,1,FORTALEZA,55777,TONY BRITO,CENTRO,211,"1,73",SUPLENTE
2024,1,FORTALEZA,20000,WELLINGTON SABÓIA,CENTRO,146,"1,33",ELEITO
2024,1,FORTALEZA,12777,ADAIL JR.,CIDADE 2000,7,"0,05",ELEITO
2024,1,FORTALEZA,50777,ADRIANA GERÔNIMO,CIDADE 2000,63,"0,69",ELEITO
2024,1,FORTALEZA,13120,AGLAYLSON,CIDADE 2000,19,"0,2",ELEITO
2024,1,FORTALEZA,70123,ANA ARACAPÉ,CIDADE 2000,8,"0,08",ELEITO
2024,1,FORTALEZA,55011,APOLLO VICZ,CIDADE 2000,71,"0,56",ELEITO
2024,1,FORTALEZA,40000,BÁ,CIDADE 2000,40,"0,53",ELEITO
2024,1,FORTALEZA,22022,BELLA CARMELO,CIDADE 2000,183,"0,65",ELEITO
2024,1,FORTALEZA,10456,BENIGNO JUNIOR,CIDADE 2000,177,"2,12",ELEITO
2024,1,FORTALEZA,55789,BRUNO MESQUITA,CIDADE 2000,13,"0,09",ELEITO
2024,1,FORTALEZA,27123,CARLA DO ACILON,CIDADE 2000,24,"0,25",ELEITO
2024,1,FORTALEZA,25456,CHIQUINHO DOS CARNEIROS,CIDADE 2000,11,"0,12",ELEITO
2024,1,FORTALEZA,70369,CLAUDIO LIMA,CIDADE 2000,5,"0,06",SUPLENTE
2024,1,FORTALEZA,55300,CÔNSUL DO POVO,CIDADE 2000,11,"0,21",SUPLENTE
2024,1,FORTALEZA,20012,DAYANE COSTA,CIDADE 2000,102,"2,12",SUPLENTE
2024,1,FORTALEZA,13123,DR VICENTE,CIDADE 2000,28,"0,37",SUPLENTE
2024,1,FORTALEZA,12500,DR. LUCIANO GIRÃO,CIDADE 2000,45,"0,39",ELEITO
2024,1,FORTALEZA,27999,DUMMAR,CIDADE 2000,2,"0,06",SUPLENTE
2024,1,FORTALEZA,70111,EMANUEL ACRIZIO,CIDADE 2000,60,"0,37",ELEITO
2024,1,FORTALEZA,55111,ERICH DOUGLAS,CIDADE 2000,67,"0,51",ELEITO
2024,1,FORTALEZA,55000,EUDES BRINGEL,CIDADE 2000,8,"0,07",ELEITO
2024,1,FORTALEZA,50555,GABRIEL BIOLOGIA,CIDADE 2000,174,"0,57",ELEITO
2024,1,FORTALEZA,12333,GARDEL ROLIM,CIDADE 2000,30,"0,19",ELEITO
2024,1,FORTALEZA,33024,GERMANO HE MAN,CIDADE 2000,2,"0,02",ELEITO
2024,1,FORTALEZA,22122,INSPETOR ALBERTO,CIDADE 2000,27,"0,34",ELEITO
2024,1,FORTALEZA,11678,IRMÃO LÉO,CIDADE 2000,57,"1,09",ELEITO
2024,1,FORTALEZA,12111,JÂNIO HENRIQUE,CIDADE 2000,7,"0,06",ELEITO
2024,1,FORTALEZA,40789,JOHN MONTEIRO,CIDADE 2000,32,"0,76",SUPLENTE
2024,1,FORTALEZA,45000,JORGE PINHEIRO,CIDADE 2000,56,"0,49",ELEITO
2024,1,FORTALEZA,22123,JULIERME SENA,CIDADE 2000,19,"0,18",ELEITO
2024,1,FORTALEZA,13321,JULIO BRIZZI,CIDADE 2000,80,"1,03",ELEITO
2024,1,FORTALEZA,12123,KÁTIA RODRIGUES,CIDADE 2000,20,"0,17",ELEITO
2024,1,FORTALEZA,40123,LEO COUTO,CIDADE 2000,43,"0,48",ELEITO
2024,1,FORTALEZA,36789,LUIZ PAUPINA,CIDADE 2000,6,"0,1",ELEITO
2024,1,FORTALEZA,12000,MARCEL COLARES,CIDADE 2000,13,"0,09",ELEITO
2024,1,FORTALEZA,22333,MARCELO MENDES,CIDADE 2000,45,"0,63",ELEITO
2024,1,FORTALEZA,70200,MARCELO TCHELA,CIDADE 2000,22,"0,33",SUPLENTE
2024,1,FORTALEZA,44444,MÁRCIO MARTINS,CIDADE 2000,32,"0,27",ELEITO
2024,1,FORTALEZA,11111,MARCOS PAULO,CIDADE 2000,4,"0,08",ELEITO
2024,1,FORTALEZA,13131,MARI LACERDA,CIDADE 2000,30,"0,37",ELEITO
2024,1,FORTALEZA,25555,MICHEL LINS,CIDADE 2000,11,"0,12",ELEITO
2024,1,FORTALEZA,25777,NILO DANTAS,CIDADE 2000,4,"0,06",SUPLENTE
2024,1,FORTALEZA,12444,PAULO MARTINS,CIDADE 2000,31,"0,24",ELEITO
2024,1,FORTALEZA,70222,PEDRO MATOS,CIDADE 2000,285,"3,21",ELEITO
2024,1,FORTALEZA,12800,PPCELL,CIDADE 2000,12,"0,11",ELEITO
2024,1,FORTALEZA,22222,PRISCILA COSTA,CIDADE 2000,185,"0,51",ELEITO
2024,1,FORTALEZA,25123,PROFESSOR AGUIAR TOBA,CIDADE 2000,4,"0,06",ELEITO
2024,1,FORTALEZA,23456,PROFESSOR ENILSON,CIDADE 2000,12,"0,12",ELEITO
2024,1,FORTALEZA,12999,RAIMUNDO FILHO,CIDADE 2000,12,"0,12",SUPLENTE
2024,1,FORTALEZA,44777,RENE PESSOA,CIDADE 2000,66,"1,11",SUPLENTE
2024,1,FORTALEZA,10123,RONALDO MARTINS,CIDADE 2000,76,"0,37",ELEITO
2024,1,FORTALEZA,44190,SOLDADO NOELIO,CIDADE 2000,17,"0,25",ELEITO
2024,1,FORTALEZA,55555,TIA FRANCISCA,CIDADE 2000,4,"0,06",SUPLENTE
2024,1,FORTALEZA,55777,TONY BRITO,CIDADE 2000,30,"0,25",SUPLENTE
2024,1,FORTALEZA,20000,WELLINGTON SABÓIA,CIDADE 2000,55,"0,5",ELEITO
2024,1,FORTALEZA,12777,ADAIL JR.,CIDADE DOS FUNCIONÁRIOS,26,"0,18",ELEITO
2024,1,FORTALEZA,50777,ADRIANA GERÔNIMO,CIDADE DOS FUNCIONÁRIOS,160,"1,76",ELEITO
2024,1,FORTALEZA,13120,AGLAYLSON,CIDADE DOS FUNCIONÁRIOS,43,"0,45",ELEITO
2024,1,FORTALEZA,70123,ANA ARACAPÉ,CIDADE DOS FUNCIONÁRIOS,45,"0,44",ELEITO
2024,1,FORTALEZA,55011,APOLLO VICZ,CIDADE DOS FUNCIONÁRIOS,143,"1,12",ELEITO
2024,1,FORTALEZA,40000,BÁ,CIDADE DOS FUNCIONÁRIOS,5,"0,07",ELEITO
2024,1,FORTALEZA,22022,BELLA CARMELO,CIDADE DOS FUNCIONÁRIOS,501,"1,78",ELEITO
2024,1,FORTALEZA,10456,BENIGNO JUNIOR,CIDADE DOS FUNCIONÁRIOS,88,"1,05",ELEITO
2024,1,FORTALEZA,55789,BRUNO MESQUITA,CIDADE DOS FUNCIONÁRIOS,38,"0,27",ELEITO
2024,1,FORTALEZA,27123,CARLA DO ACILON,CIDADE DOS FUNCIONÁRIOS,112,"1,19",ELEITO
2024,1,FORTALEZA,25456,CHIQUINHO DOS CARNEIROS,CIDADE DOS FUNCIONÁRIOS,15,"0,16",ELEITO
2024,1,FORTALEZA,70369,CLAUDIO LIMA,CIDADE DOS FUNCIONÁRIOS,13,"0,17",SUPLENTE
2024,1,FORTALEZA,55300,CÔNSUL DO POVO,CIDADE DOS FUNCIONÁRIOS,35,"0,66",SUPLENTE
2024,1,FORTALEZA,20012,DAYANE COSTA,CIDADE DOS FUNCIONÁRIOS,25,"0,52",SUPLENTE
2024,1,FORTALEZA,13123,DR VICENTE,CIDADE DOS FUNCIONÁRIOS,107,"1,41",SUPLENTE
2024,1,FORTALEZA,12500,DR. LUCIANO GIRÃO,CIDADE DOS FUNCIONÁRIOS,92,"0,8",ELEITO
2024,1,FORTALEZA,27999,DUMMAR,CIDADE DOS FUNCIONÁRIOS,222,"6,72",SUPLENTE
2024,1,FORTALEZA,70111,EMANUEL ACRIZIO,CIDADE DOS FUNCIONÁRIOS,35,"0,22",ELEITO
2024,1,FORTALEZA,55111,ERICH DOUGLAS,CIDADE DOS FUNCIONÁRIOS,154,"1,16",ELEITO
2024,1,FORTALEZA,55000,EUDES BRINGEL,CIDADE DOS FUNCIONÁRIOS,39,"0,32",ELEITO
2024,1,FORTALEZA,50555,GABRIEL BIOLOGIA,CIDADE DOS FUNCIONÁRIOS,726,"2,37",ELEITO
2024,1,FORTALEZA,12333,GARDEL ROLIM,CIDADE DOS FUNCIONÁRIOS,111,"0,69",ELEITO
2024,1,FORTALEZA,33024,GERMANO HE MAN,CIDADE DOS FUNCIONÁRIOS,38,"0,37",ELEITO
2024,1,FORTALEZA,22122,INSPETOR ALBERTO,CIDADE DOS FUNCIONÁRIOS,107,"1,35",ELEITO
2024,1,FORTALEZA,11678,IRMÃO LÉO,CIDADE DOS FUNCIONÁRIOS,7,"0,13",ELEITO
2024,1,FORTALEZA,12111,JÂNIO HENRIQUE,CIDADE DOS FUNCIONÁRIOS,22,"0,2",ELEITO
2024,1,FORTALEZA,40789,JOHN MONTEIRO,CIDADE DOS FUNCIONÁRIOS,11,"0,26",SUPLENTE
2024,1,FORTALEZA,45000,JORGE PINHEIRO,CIDADE DOS FUNCIONÁRIOS,380,"3,35",ELEITO
2024,1,FORTALEZA,22123,JULIERME SENA,CIDADE DOS FUNCIONÁRIOS,118,"1,14",ELEITO
2024,1,FORTALEZA,13321,JULIO BRIZZI,CIDADE DOS FUNCIONÁRIOS,104,"1,34",ELEITO
2024,1,FORTALEZA,12123,KÁTIA RODRIGUES,CIDADE DOS FUNCIONÁRIOS,43,"0,36",ELEITO
2024,1,FORTALEZA,40123,LEO COUTO,CIDADE DOS FUNCIONÁRIOS,35,"0,39",ELEITO
2024,1,FORTALEZA,36789,LUIZ PAUPINA,CIDADE DOS FUNCIONÁRIOS,16,"0,27",ELEITO
2024,1,FORTALEZA,12000,MARCEL COLARES,CIDADE DOS FUNCIONÁRIOS,218,"1,43",ELEITO
2024,1,FORTALEZA,22333,MARCELO MENDES,CIDADE DOS FUNCIONÁRIOS,105,"1,46",ELEITO
2024,1,FORTALEZA,70200,MARCELO TCHELA,CIDADE DOS FUNCIONÁRIOS,30,"0,45",SUPLENTE
2024,1,FORTALEZA,44444,MÁRCIO MARTINS,CIDADE DOS FUNCIONÁRIOS,69,"0,57",ELEITO
2024,1,FORTALEZA,11111,MARCOS PAULO,CIDADE DOS FUNCIONÁRIOS,11,"0,22",ELEITO
2024,1,FORTALEZA,13131,MARI LACERDA,CIDADE DOS FUNCIONÁRIOS,112,"1,39",ELEITO
2024,1,FORTALEZA,25555,MICHEL LINS,CIDADE DOS FUNCIONÁRIOS,38,"0,4",ELEITO
2024,1,FORTALEZA,25777,NILO DANTAS,CIDADE DOS FUNCIONÁRIOS,14,"0,22",SUPLENTE
2024,1,FORTALEZA,12444,PAULO MARTINS,CIDADE DOS FUNCIONÁRIOS,93,"0,72",ELEITO
2024,1,FORTALEZA,70222,PEDRO MATOS,CIDADE DOS FUNCIONÁRIOS,112,"1,26",ELEITO
2024,1,FORTALEZA,12800,PPCELL,CIDADE DOS FUNCIONÁRIOS,57,"0,52",ELEITO
2024,1,FORTALEZA,22222,PRISCILA COSTA,CIDADE DOS FUNCIONÁRIOS,551,"1,52",ELEITO
2024,1,FORTALEZA,25123,PROFESSOR AGUIAR TOBA,CIDADE DOS FUNCIONÁRIOS,8,"0,11",ELEITO
2024,1,FORTALEZA,23456,PROFESSOR ENILSON,CIDADE DOS FUNCIONÁRIOS,29,"0,29",ELEITO
2024,1,FORTALEZA,12999,RAIMUNDO FILHO,CIDADE DOS FUNCIONÁRIOS,17,"0,17",SUPLENTE
2024,1,FORTALEZA,44777,RENE PESSOA,CIDADE DOS FUNCIONÁRIOS,65,"1,09",SUPLENTE
2024,1,FORTALEZA,10123,RONALDO MARTINS,CIDADE DOS FUNCIONÁRIOS,100,"0,49",ELEITO
2024,1,FORTALEZA,44190,SOLDADO NOELIO,CIDADE DOS FUNCIONÁRIOS,50,"0,73",ELEITO
2024,1,FORTALEZA,55555,TIA FRANCISCA,CIDADE DOS FUNCIONÁRIOS,12,"0,17",SUPLENTE
2024,1,FORTALEZA,55777,TONY BRITO,CIDADE DOS FUNCIONÁRIOS,90,"0,74",SUPLENTE
2024,1,FORTALEZA,20000,WELLINGTON SABÓIA,CIDADE DOS FUNCIONÁRIOS,88,"0,8",ELEITO
2024,1,FORTALEZA,50777,ADRIANA GERÔNIMO,COAÇU,4,"0,04",ELEITO
2024,1,FORTALEZA,13120,AGLAYLSON,COAÇU,7,"0,07",ELEITO
2024,1,FORTALEZA,70123,ANA ARACAPÉ,COAÇU,5,"0,05",ELEITO
2024,1,FORTALEZA,55011,APOLLO VICZ,COAÇU,13,"0,1",ELEITO
2024,1,FORTALEZA,40000,BÁ,COAÇU,1,"0,01",ELEITO
2024,1,FORTALEZA,22022,BELLA CARMELO,COAÇU,45,"0,16",ELEITO
2024,1,FORTALEZA,10456,BENIGNO JUNIOR,COAÇU,17,"0,2",ELEITO
2024,1,FORTALEZA,27123,CARLA DO ACILON,COAÇU,319,"3,39",ELEITO
2024,1,FORTALEZA,25456,CHIQUINHO DOS CARNEIROS,COAÇU,4,"0,04",ELEITO
2024,1,FORTALEZA,70369,CLAUDIO LIMA,COAÇU,3,"0,04",SUPLENTE
2024,1,FORTALEZA,55300,CÔNSUL DO POVO,COAÇU,9,"0,17",SUPLENTE
2024,1,FORTALEZA,20012,DAYANE COSTA,COAÇU,1,"0,02",SUPLENTE
2024,1,FORTALEZA,13123,DR VICENTE,COAÇU,7,"0,09",SUPLENTE
2024,1,FORTALEZA,12500,DR. LUCIANO GIRÃO,COAÇU,11,"0,1",ELEITO
2024,1,FORTALEZA,27999,DUMMAR,COAÇU,2,"0,06",SUPLENTE
2024,1,FORTALEZA,70111,EMANUEL ACRIZIO,COAÇU,9,"0,06",ELEITO
2024,1,FORTALEZA,55111,ERICH DOUGLAS,COAÇU,13,"0,1",ELEITO
2024,1,FORTALEZA,55000,EUDES BRINGEL,COAÇU,3,"0,02",ELEITO
2024,1,FORTALEZA,50555,GABRIEL BIOLOGIA,COAÇU,43,"0,14",ELEITO
2024,1,FORTALEZA,12333,GARDEL ROLIM,COAÇU,152,"0,95",ELEITO
2024,1,FORTALEZA,33024,GERMANO HE MAN,COAÇU,3,"0,03",ELEITO
2024,1,FORTALEZA,22122,INSPETOR ALBERTO,COAÇU,10,"0,13",ELEITO
2024,1,FORTALEZA,11678,IRMÃO LÉO,COAÇU,1,"0,02",ELEITO
2024,1,FORTALEZA,12111,JÂNIO HENRIQUE,COAÇU,2,"0,02",ELEITO
2024,1,FORTALEZA,45000,JORGE PINHEIRO,COAÇU,31,"0,27",ELEITO
2024,1,FORTALEZA,22123,JULIERME SENA,COAÇU,15,"0,14",ELEITO
2024,1,FORTALEZA,13321,JULIO BRIZZI,COAÇU,6,"0,08",ELEITO
2024,1,FORTALEZA,12123,KÁTIA RODRIGUES,COAÇU,7,"0,06",ELEITO
2024,1,FORTALEZA,40123,LEO COUTO,COAÇU,2,"0,02",ELEITO
2024,1,FORTALEZA,36789,LUIZ PAUPINA,COAÇU,526,"8,71",ELEITO
2024,1,FORTALEZA,12000,MARCEL COLARES,COAÇU,92,"0,6",ELEITO
2024,1,FORTALEZA,22333,MARCELO MENDES,COAÇU,2,"0,03",ELEITO
2024,1,FORTALEZA,70200,MARCELO TCHELA,COAÇU,2,"0,03",SUPLENTE
2024,1,FORTALEZA,44444,MÁRCIO MARTINS,COAÇU,1,"0,01",ELEITO
2024,1,FORTALEZA,11111,MARCOS PAULO,COAÇU,1,"0,02",ELEITO
2024,1,FORTALEZA,13131,MARI LACERDA,COAÇU,12,"0,15",ELEITO
2024,1,FORTALEZA,25555,MICHEL LINS,COAÇU,5,"0,05",ELEITO
2024,1,FORTALEZA,25777,NILO DANTAS,COAÇU,5,"0,08",SUPLENTE
2024,1,FORTALEZA,12444,PAULO MARTINS,COAÇU,14,"0,11",ELEITO
2024,1,FORTALEZA,70222,PEDRO MATOS,COAÇU,6,"0,07",ELEITO
2024,1,FORTALEZA,12800,PPCELL,COAÇU,8,"0,07",ELEITO
2024,1,FORTALEZA,22222,PRISCILA COSTA,COAÇU,74,"0,2",ELEITO
2024,1,FORTALEZA,25123,PROFESSOR AGUIAR TOBA,COAÇU,2,"0,03",ELEITO
2024,1,FORTALEZA,23456,PROFESSOR ENILSON,COAÇU,4,"0,04",ELEITO
2024,1,FORTALEZA,12999,RAIMUNDO FILHO,COAÇU,4,"0,04",SUPLENTE
2024,1,FORTALEZA,44777,RENE PESSOA,COAÇU,12,"0,2",SUPLENTE
2024,1,FORTALEZA,10123,RONALDO MARTINS,COAÇU,84,"0,41",ELEITO
2024,1,FORTALEZA,44190,SOLDADO NOELIO,COAÇU,8,"0,12",ELEITO
2024,1,FORTALEZA,55555,TIA FRANCISCA,COAÇU,1,"0,01",SUPLENTE
2024,1,FORTALEZA,55777,TONY BRITO,COAÇU,4,"0,03",SUPLENTE
2024,1,FORTALEZA,20000,WELLINGTON SABÓIA,COAÇU,12,"0,11",ELEITO
2024,1,FORTALEZA,12777,ADAIL JR.,COCÓ,12,"0,08",ELEITO
2024,1,FORTALEZA,50777,ADRIANA GERÔNIMO,COCÓ,113,"1,24",ELEITO
2024,1,FORTALEZA,13120,AGLAYLSON,COCÓ,30,"0,31",ELEITO
2024,1,FORTALEZA,70123,ANA ARACAPÉ,COCÓ,7,"0,07",ELEITO
2024,1,FORTALEZA,55011,APOLLO VICZ,COCÓ,46,"0,36",ELEITO
2024,1,FORTALEZA,40000,BÁ,COCÓ,1,"0,01",ELEITO
2024,1,FORTALEZA,22022,BELLA CARMELO,COCÓ,353,"1,25",ELEITO
2024,1,FORTALEZA,10456,BENIGNO JUNIOR,COCÓ,58,"0,69",ELEITO
2024,1,FORTALEZA,55789,BRUNO MESQUITA,COCÓ,11,"0,08",ELEITO
2024,1,FORTALEZA,27123,CARLA DO ACILON,COCÓ,29,"0,31",ELEITO
2024,1,FORTALEZA,25456,CHIQUINHO DOS CARNEIROS,COCÓ,5,"0,05",ELEITO
2024,1,FORTALEZA,70369,CLAUDIO LIMA,COCÓ,2,"0,03",SUPLENTE
2024,1,FORTALEZA,55300,CÔNSUL DO POVO,COCÓ,12,"0,23",SUPLENTE
2024,1,FORTALEZA,20012,DAYANE COSTA,COCÓ,20,"0,42",SUPLENTE
2024,1,FORTALEZA,13123,DR VICENTE,COCÓ,35,"0,46",SUPLENTE
2024,1,FORTALEZA,12500,DR. LUCIANO GIRÃO,COCÓ,19,"0,16",ELEITO
2024,1,FORTALEZA,27999,DUMMAR,COCÓ,5,"0,15",SUPLENTE
2024,1,FORTALEZA,70111,EMANUEL ACRIZIO,COCÓ,27,"0,17",ELEITO
2024,1,FORTALEZA,55111,ERICH DOUGLAS,COCÓ,51,"0,38",ELEITO
2024,1,FORTALEZA,55000,EUDES BRINGEL,COCÓ,23,"0,19",ELEITO
2024,1,FORTALEZA,50555,GABRIEL BIOLOGIA,COCÓ,397,"1,29",ELEITO
2024,1,FORTALEZA,12333,GARDEL ROLIM,COCÓ,32,"0,2",ELEITO
2024,1,FORTALEZA,33024,GERMANO HE MAN,COCÓ,4,"0,04",ELEITO
2024,1,FORTALEZA,22122,INSPETOR ALBERTO,COCÓ,31,"0,39",ELEITO
2024,1,FORTALEZA,11678,IRMÃO LÉO,COCÓ,5,"0,1",ELEITO
2024,1,FORTALEZA,12111,JÂNIO HENRIQUE,COCÓ,2,"0,02",ELEITO
2024,1,FORTALEZA,40789,JOHN MONTEIRO,COCÓ,19,"0,45",SUPLENTE
2024,1,FORTALEZA,45000,JORGE PINHEIRO,COCÓ,98,"0,86",ELEITO
2024,1,FORTALEZA,22123,JULIERME SENA,COCÓ,21,"0,2",ELEITO
2024,1,FORTALEZA,13321,JULIO BRIZZI,COCÓ,68,"0,88",ELEITO
2024,1,FORTALEZA,12123,KÁTIA RODRIGUES,COCÓ,11,"0,09",ELEITO
2024,1,FORTALEZA,40123,LEO COUTO,COCÓ,74,"0,82",ELEITO
2024,1,FORTALEZA,36789,LUIZ PAUPINA,COCÓ,3,"0,05",ELEITO
2024,1,FORTALEZA,12000,MARCEL COLARES,COCÓ,33,"0,22",ELEITO
2024,1,FORTALEZA,22333,MARCELO MENDES,COCÓ,188,"2,61",ELEITO
2024,1,FORTALEZA,70200,MARCELO TCHELA,COCÓ,17,"0,26",SUPLENTE
2024,1,FORTALEZA,44444,MÁRCIO MARTINS,COCÓ,38,"0,32",ELEITO
2024,1,FORTALEZA,13131,MARI LACERDA,COCÓ,57,"0,71",ELEITO
2024,1,FORTALEZA,25555,MICHEL LINS,COCÓ,28,"0,29",ELEITO
2024,1,FORTALEZA,25777,NILO DANTAS,COCÓ,1,"0,02",SUPLENTE
2024,1,FORTALEZA,12444,PAULO MARTINS,COCÓ,44,"0,34",ELEITO
2024,1,FORTALEZA,70222,PEDRO MATOS,COCÓ,114,"1,29",ELEITO
2024,1,FORTALEZA,12800,PPCELL,COCÓ,5,"0,05",ELEITO
2024,1,FORTALEZA,22222,PRISCILA COSTA,COCÓ,225,"0,62",ELEITO
2024,1,FORTALEZA,25123,PROFESSOR AGUIAR TOBA,COCÓ,3,"0,04",ELEITO
2024,1,FORTALEZA,23456,PROFESSOR ENILSON,COCÓ,11,"0,11",ELEITO
2024,1,FORTALEZA,12999,RAIMUNDO FILHO,COCÓ,11,"0,11",SUPLENTE
2024,1,FORTALEZA,44777,RENE PESSOA,COCÓ,55,"0,92",SUPLENTE
2024,1,FORTALEZA,10123,RONALDO MARTINS,COCÓ,48,"0,24",ELEITO
2024,1,FORTALEZA,44190,SOLDADO NOELIO,COCÓ,10,"0,15",ELEITO
2024,1,FORTALEZA,55555,TIA FRANCISCA,COCÓ,5,"0,07",SUPLENTE
2024,1,FORTALEZA,55777,TONY BRITO,COCÓ,39,"0,32",SUPLENTE
2024,1,FORTALEZA,20000,WELLINGTON SABÓIA,COCÓ,65,"0,59",ELEITO
2024,1,FORTALEZA,12777,ADAIL JR.,CONJUNTO CEARÁ I,294,"2,06",ELEITO
2024,1,FORTALEZA,50777,ADRIANA GERÔNIMO,CONJUNTO CEARÁ I,141,"1,55",ELEITO
2024,1,FORTALEZA,13120,AGLAYLSON,CONJUNTO CEARÁ I,303,"3,16",ELEITO
2024,1,FORTALEZA,70123,ANA ARACAPÉ,CONJUNTO CEARÁ I,108,"1,05",ELEITO
2024,1,FORTALEZA,55011,APOLLO VICZ,CONJUNTO CEARÁ I,325,"2,54",ELEITO
2024,1,FORTALEZA,40000,BÁ,CONJUNTO CEARÁ I,84,"1,12",ELEITO
2024,1,FORTALEZA,22022,BELLA CARMELO,CONJUNTO CEARÁ I,476,"1,69",ELEITO
2024,1,FORTALEZA,10456,BENIGNO JUNIOR,CONJUNTO CEARÁ I,136,"1,63",ELEITO
2024,1,FORTALEZA,55789,BRUNO MESQUITA,CONJUNTO CEARÁ I,166,"1,17",ELEITO
2024,1,FORTALEZA,27123,CARLA DO ACILON,CONJUNTO CEARÁ I,171,"1,82",ELEITO
2024,1,FORTALEZA,25456,CHIQUINHO DOS CARNEIROS,CONJUNTO CEARÁ I,35,"0,37",ELEITO
2024,1,FORTALEZA,70369,CLAUDIO LIMA,CONJUNTO CEARÁ I,66,"0,84",SUPLENTE
2024,1,FORTALEZA,55300,CÔNSUL DO POVO,CONJUNTO CEARÁ I,139,"2,62",SUPLENTE
2024,1,FORTALEZA,20012,DAYANE COSTA,CONJUNTO CEARÁ I,48,1,SUPLENTE
2024,1,FORTALEZA,13123,DR VICENTE,CONJUNTO CEARÁ I,158,"2,09",SUPLENTE
2024,1,FORTALEZA,12500,DR. LUCIANO GIRÃO,CONJUNTO CEARÁ I,365,"3,17",ELEITO
2024,1,FORTALEZA,27999,DUMMAR,CONJUNTO CEARÁ I,32,"0,97",SUPLENTE
2024,1,FORTALEZA,70111,EMANUEL ACRIZIO,CONJUNTO CEARÁ I,2994,"18,62",ELEITO
2024,1,FORTALEZA,55111,ERICH DOUGLAS,CONJUNTO CEARÁ I,327,"2,47",ELEITO
2024,1,FORTALEZA,55000,EUDES BRINGEL,CONJUNTO CEARÁ I,345,"2,81",ELEITO
2024,1,FORTALEZA,50555,GABRIEL BIOLOGIA,CONJUNTO CEARÁ I,567,"1,85",ELEITO
2024,1,FORTALEZA,12333,GARDEL ROLIM,CONJUNTO CEARÁ I,447,"2,78",ELEITO
2024,1,FORTALEZA,33024,GERMANO HE MAN,CONJUNTO CEARÁ I,63,"0,62",ELEITO
2024,1,FORTALEZA,22122,INSPETOR ALBERTO,CONJUNTO CEARÁ I,214,"2,7",ELEITO
2024,1,FORTALEZA,11678,IRMÃO LÉO,CONJUNTO CEARÁ I,135,"2,59",ELEITO
2024,1,FORTALEZA,12111,JÂNIO HENRIQUE,CONJUNTO CEARÁ I,138,"1,26",ELEITO
2024,1,FORTALEZA,40789,JOHN MONTEIRO,CONJUNTO CEARÁ I,13,"0,31",SUPLENTE
2024,1,FORTALEZA,45000,JORGE PINHEIRO,CONJUNTO CEARÁ I,130,"1,14",ELEITO
2024,1,FORTALEZA,22123,JULIERME SENA,CONJUNTO CEARÁ I,302,"2,91",ELEITO
2024,1,FORTALEZA,13321,JULIO BRIZZI,CONJUNTO CEARÁ I,218,"2,81",ELEITO
2024,1,FORTALEZA,12123,KÁTIA RODRIGUES,CONJUNTO CEARÁ I,142,"1,19",ELEITO
2024,1,FORTALEZA,40123,LEO COUTO,CONJUNTO CEARÁ I,138,"1,54",ELEITO
2024,1,FORTALEZA,36789,LUIZ PAUPINA,CONJUNTO CEARÁ I,25,"0,41",ELEITO
2024,1,FORTALEZA,12000,MARCEL COLARES,CONJUNTO CEARÁ I,34,"0,22",ELEITO
2024,1,FORTALEZA,22333,MARCELO MENDES,CONJUNTO CEARÁ I,141,"1,96",ELEITO
2024,1,FORTALEZA,70200,MARCELO TCHELA,CONJUNTO CEARÁ I,203,"3,06",SUPLENTE
2024,1,FORTALEZA,44444,MÁRCIO MARTINS,CONJUNTO CEARÁ I,123,"1,02",ELEITO
2024,1,FORTALEZA,11111,MARCOS PAULO,CONJUNTO CEARÁ I,14,"0,28",ELEITO
2024,1,FORTALEZA,13131,MARI LACERDA,CONJUNTO CEARÁ I,236,"2,94",ELEITO
2024,1,FORTALEZA,25555,MICHEL LINS,CONJUNTO CEARÁ I,292,"3,05",ELEITO
2024,1,FORTALEZA,25777,NILO DANTAS,CONJUNTO CEARÁ I,203,"3,23",SUPLENTE
2024,1,FORTALEZA,12444,PAULO MARTINS,CONJUNTO CEARÁ I,96,"0,74",ELEITO
2024,1,FORTALEZA,70222,PEDRO MATOS,CONJUNTO CEARÁ I,369,"4,16",ELEITO
2024,1,FORTALEZA,12800,PPCELL,CONJUNTO CEARÁ I,78,"0,71",ELEITO
2024,1,FORTALEZA,22222,PRISCILA COSTA,CONJUNTO CEARÁ I,1030,"2,84",ELEITO
2024,1,FORTALEZA,25123,PROFESSOR AGUIAR TOBA,CONJUNTO CEARÁ I,164,"2,34",ELEITO
2024,1,FORTALEZA,23456,PROFESSOR ENILSON,CONJUNTO CEARÁ I,365,"3,59",ELEITO
2024,1,FORTALEZA,12999,RAIMUNDO FILHO,CONJUNTO CEARÁ I,136,"1,33",SUPLENTE
2024,1,FORTALEZA,44777,RENE PESSOA,CONJUNTO CEARÁ I,58,"0,97",SUPLENTE
2024,1,FORTALEZA,10123,RONALDO MARTINS,CONJUNTO CEARÁ I,729,"3,59",ELEITO
2024,1,FORTALEZA,44190,SOLDADO NOELIO,CONJUNTO CEARÁ I,366,"5,34",ELEITO
2024,1,FORTALEZA,55555,TIA FRANCISCA,CONJUNTO CEARÁ I,114,"1,65",SUPLENTE
2024,1,FORTALEZA,55777,TONY BRITO,CONJUNTO CEARÁ I,2517,"20,67",SUPLENTE
2024,1,FORTALEZA,20000,WELLINGTON SABÓIA,CONJUNTO CEARÁ I,506,"4,59",ELEITO
2024,1,FORTALEZA,12777,ADAIL JR.,CONJUNTO CEARÁ II,12,"0,08",ELEITO
2024,1,FORTALEZA,50777,ADRIANA GERÔNIMO,CONJUNTO CEARÁ II,6,"0,07",ELEITO
2024,1,FORTALEZA,13120,AGLAYLSON,CONJUNTO CEARÁ II,13,"0,14",ELEITO
2024,1,FORTALEZA,70123,ANA ARACAPÉ,CONJUNTO CEARÁ II,4,"0,04",ELEITO
2024,1,FORTALEZA,55011,APOLLO VICZ,CONJUNTO CEARÁ II,11,"0,09",ELEITO
2024,1,FORTALEZA,40000,BÁ,CONJUNTO CEARÁ II,3,"0,04",ELEITO
2024,1,FORTALEZA,22022,BELLA CARMELO,CONJUNTO CEARÁ II,25,"0,09",ELEITO
2024,1,FORTALEZA,10456,BENIGNO JUNIOR,CONJUNTO CEARÁ II,7,"0,08",ELEITO
2024,1,FORTALEZA,55789,BRUNO MESQUITA,CONJUNTO CEARÁ II,25,"0,18",ELEITO
2024,1,FORTALEZA,27123,CARLA DO ACILON,CONJUNTO CEARÁ II,19,"0,2",ELEITO
2024,1,FORTALEZA,25456,CHIQUINHO DOS CARNEIROS,CONJUNTO CEARÁ II,1,"0,01",ELEITO
2024,1,FORTALEZA,70369,CLAUDIO LIMA,CONJUNTO CEARÁ II,2,"0,03",SUPLENTE
2024,1,FORTALEZA,55300,CÔNSUL DO POVO,CONJUNTO CEARÁ II,11,"0,21",SUPLENTE
2024,1,FORTALEZA,13123,DR VICENTE,CONJUNTO CEARÁ II,7,"0,09",SUPLENTE
2024,1,FORTALEZA,12500,DR. LUCIANO GIRÃO,CONJUNTO CEARÁ II,8,"0,07",ELEITO
2024,1,FORTALEZA,27999,DUMMAR,CONJUNTO CEARÁ II,2,"0,06",SUPLENTE
2024,1,FORTALEZA,70111,EMANUEL ACRIZIO,CONJUNTO CEARÁ II,123,"0,76",ELEITO
2024,1,FORTALEZA,55111,ERICH DOUGLAS,CONJUNTO CEARÁ II,21,"0,16",ELEITO
2024,1,FORTALEZA,55000,EUDES BRINGEL,CONJUNTO CEARÁ II,16,"0,13",ELEITO
2024,1,FORTALEZA,50555,GABRIEL BIOLOGIA,CONJUNTO CEARÁ II,18,"0,06",ELEITO
2024,1,FORTALEZA,12333,GARDEL ROLIM,CONJUNTO CEARÁ II,24,"0,15",ELEITO
2024,1,FORTALEZA,33024,GERMANO HE MAN,CONJUNTO CEARÁ II,7,"0,07",ELEITO
2024,1,FORTALEZA,22122,INSPETOR ALBERTO,CONJUNTO CEARÁ II,17,"0,21",ELEITO
2024,1,FORTALEZA,11678,IRMÃO LÉO,CONJUNTO CEARÁ II,15,"0,29",ELEITO
2024,1,FORTALEZA,12111,JÂNIO HENRIQUE,CONJUNTO CEARÁ II,12,"0,11",ELEITO
2024,1,FORTALEZA,45000,JORGE PINHEIRO,CONJUNTO CEARÁ II,7,"0,06",ELEITO
2024,1,FORTALEZA,22123,JULIERME SENA,CONJUNTO CEARÁ II,12,"0,12",ELEITO
2024,1,FORTALEZA,13321,JULIO BRIZZI,CONJUNTO CEARÁ II,10,"0,13",ELEITO
2024,1,FORTALEZA,12123,KÁTIA RODRIGUES,CONJUNTO CEARÁ II,22,"0,18",ELEITO
2024,1,FORTALEZA,40123,LEO COUTO,CONJUNTO CEARÁ II,14,"0,16",ELEITO
2024,1,FORTALEZA,36789,LUIZ PAUPINA,CONJUNTO CEARÁ II,9,"0,15",ELEITO
2024,1,FORTALEZA,12000,MARCEL COLARES,CONJUNTO CEARÁ II,3,"0,02",ELEITO
2024,1,FORTALEZA,22333,MARCELO MENDES,CONJUNTO CEARÁ II,7,"0,1",ELEITO
2024,1,FORTALEZA,70200,MARCELO TCHELA,CONJUNTO CEARÁ II,6,"0,09",SUPLENTE
2024,1,FORTALEZA,44444,MÁRCIO MARTINS,CONJUNTO CEARÁ II,7,"0,06",ELEITO
2024,1,FORTALEZA,11111,MARCOS PAULO,CONJUNTO CEARÁ II,3,"0,06",ELEITO
2024,1,FORTALEZA,13131,MARI LACERDA,CONJUNTO CEARÁ II,7,"0,09",ELEITO
2024,1,FORTALEZA,25555,MICHEL LINS,CONJUNTO CEARÁ II,27,"0,28",ELEITO
2024,1,FORTALEZA,25777,NILO DANTAS,CONJUNTO CEARÁ II,12,"0,19",SUPLENTE
2024,1,FORTALEZA,12444,PAULO MARTINS,CONJUNTO CEARÁ II,5,"0,04",ELEITO
2024,1,FORTALEZA,70222,PEDRO MATOS,CONJUNTO CEARÁ II,10,"0,11",ELEITO
2024,1,FORTALEZA,12800,PPCELL,CONJUNTO CEARÁ II,2,"0,02",ELEITO
2024,1,FORTALEZA,22222,PRISCILA COSTA,CONJUNTO CEARÁ II,74,"0,2",ELEITO
2024,1,FORTALEZA,25123,PROFESSOR AGUIAR TOBA,CONJUNTO CEARÁ II,7,"0,1",ELEITO
2024,1,FORTALEZA,23456,PROFESSOR ENILSON,CONJUNTO CEARÁ II,30,"0,3",ELEITO
2024,1,FORTALEZA,12999,RAIMUNDO FILHO,CONJUNTO CEARÁ II,2,"0,02",SUPLENTE
2024,1,FORTALEZA,44777,RENE PESSOA,CONJUNTO CEARÁ II,7,"0,12",SUPLENTE
2024,1,FORTALEZA,10123,RONALDO MARTINS,CONJUNTO CEARÁ II,53,"0,26",ELEITO
2024,1,FORTALEZA,44190,SOLDADO NOELIO,CONJUNTO CEARÁ II,26,"0,38",ELEITO
2024,1,FORTALEZA,55555,TIA FRANCISCA,CONJUNTO CEARÁ II,6,"0,09",SUPLENTE
2024,1,FORTALEZA,55777,TONY BRITO,CONJUNTO CEARÁ II,163,"1,34",SUPLENTE
2024,1,FORTALEZA,20000,WELLINGTON SABÓIA,CONJUNTO CEARÁ II,32,"0,29",ELEITO
2024,1,FORTALEZA,12777,ADAIL JR.,CONJUNTO ESPERANÇA,27,"0,19",ELEITO
2024,1,FORTALEZA,50777,ADRIANA GERÔNIMO,CONJUNTO ESPERANÇA,33,"0,36",ELEITO
2024,1,FORTALEZA,13120,AGLAYLSON,CONJUNTO ESPERANÇA,95,"0,99",ELEITO
2024,1,FORTALEZA,70123,ANA ARACAPÉ,CONJUNTO ESPERANÇA,1027,"9,95",ELEITO
2024,1,FORTALEZA,55011,APOLLO VICZ,CONJUNTO ESPERANÇA,194,"1,52",ELEITO
2024,1,FORTALEZA,40000,BÁ,CONJUNTO ESPERANÇA,737,"9,79",ELEITO
2024,1,FORTALEZA,22022,BELLA CARMELO,CONJUNTO ESPERANÇA,277,"0,98",ELEITO
2024,1,FORTALEZA,10456,BENIGNO JUNIOR,CONJUNTO ESPERANÇA,31,"0,37",ELEITO
2024,1,FORTALEZA,55789,BRUNO MESQUITA,CONJUNTO ESPERANÇA,58,"0,41",ELEITO
2024,1,FORTALEZA,27123,CARLA DO ACILON,CONJUNTO ESPERANÇA,35,"0,37",ELEITO
2024,1,FORTALEZA,25456,CHIQUINHO DOS CARNEIROS,CONJUNTO ESPERANÇA,39,"0,41",ELEITO
2024,1,FORTALEZA,70369,CLAUDIO LIMA,CONJUNTO ESPERANÇA,22,"0,28",SUPLENTE
2024,1,FORTALEZA,55300,CÔNSUL DO POVO,CONJUNTO ESPERANÇA,101,"1,9",SUPLENTE
2024,1,FORTALEZA,20012,DAYANE COSTA,CONJUNTO ESPERANÇA,6,"0,12",SUPLENTE
2024,1,FORTALEZA,13123,DR VICENTE,CONJUNTO ESPERANÇA,56,"0,74",SUPLENTE
2024,1,FORTALEZA,12500,DR. LUCIANO GIRÃO,CONJUNTO ESPERANÇA,70,"0,61",ELEITO
2024,1,FORTALEZA,27999,DUMMAR,CONJUNTO ESPERANÇA,15,"0,45",SUPLENTE
2024,1,FORTALEZA,70111,EMANUEL ACRIZIO,CONJUNTO ESPERANÇA,125,"0,78",ELEITO
2024,1,FORTALEZA,55111,ERICH DOUGLAS,CONJUNTO ESPERANÇA,138,"1,04",ELEITO
2024,1,FORTALEZA,55000,EUDES BRINGEL,CONJUNTO ESPERANÇA,54,"0,44",ELEITO
2024,1,FORTALEZA,50555,GABRIEL BIOLOGIA,CONJUNTO ESPERANÇA,235,"0,77",ELEITO
2024,1,FORTALEZA,12333,GARDEL ROLIM,CONJUNTO ESPERANÇA,114,"0,71",ELEITO
2024,1,FORTALEZA,33024,GERMANO HE MAN,CONJUNTO ESPERANÇA,39,"0,38",ELEITO
2024,1,FORTALEZA,22122,INSPETOR ALBERTO,CONJUNTO ESPERANÇA,94,"1,19",ELEITO
2024,1,FORTALEZA,11678,IRMÃO LÉO,CONJUNTO ESPERANÇA,40,"0,77",ELEITO
2024,1,FORTALEZA,12111,JÂNIO HENRIQUE,CONJUNTO ESPERANÇA,1731,"15,78",ELEITO
2024,1,FORTALEZA,40789,JOHN MONTEIRO,CONJUNTO ESPERANÇA,11,"0,26",SUPLENTE
2024,1,FORTALEZA,45000,JORGE PINHEIRO,CONJUNTO ESPERANÇA,63,"0,55",ELEITO
2024,1,FORTALEZA,22123,JULIERME SENA,CONJUNTO ESPERANÇA,98,"0,94",ELEITO
2024,1,FORTALEZA,13321,JULIO BRIZZI,CONJUNTO ESPERANÇA,86,"1,11",ELEITO
2024,1,FORTALEZA,12123,KÁTIA RODRIGUES,CONJUNTO ESPERANÇA,44,"0,37",ELEITO
2024,1,FORTALEZA,40123,LEO COUTO,CONJUNTO ESPERANÇA,27,"0,3",ELEITO
2024,1,FORTALEZA,36789,LUIZ PAUPINA,CONJUNTO ESPERANÇA,29,"0,48",ELEITO
2024,1,FORTALEZA,12000,MARCEL COLARES,CONJUNTO ESPERANÇA,24,"0,16",ELEITO
2024,1,FORTALEZA,22333,MARCELO MENDES,CONJUNTO ESPERANÇA,31,"0,43",ELEITO
2024,1,FORTALEZA,70200,MARCELO TCHELA,CONJUNTO ESPERANÇA,53,"0,8",SUPLENTE
2024,1,FORTALEZA,44444,MÁRCIO MARTINS,CONJUNTO ESPERANÇA,98,"0,81",ELEITO
2024,1,FORTALEZA,11111,MARCOS PAULO,CONJUNTO ESPERANÇA,17,"0,34",ELEITO
2024,1,FORTALEZA,13131,MARI LACERDA,CONJUNTO ESPERANÇA,120,"1,49",ELEITO
2024,1,FORTALEZA,25555,MICHEL LINS,CONJUNTO ESPERANÇA,69,"0,72",ELEITO
2024,1,FORTALEZA,25777,NILO DANTAS,CONJUNTO ESPERANÇA,50,"0,8",SUPLENTE
2024,1,FORTALEZA,12444,PAULO MARTINS,CONJUNTO ESPERANÇA,37,"0,29",ELEITO
2024,1,FORTALEZA,70222,PEDRO MATOS,CONJUNTO ESPERANÇA,40,"0,45",ELEITO
2024,1,FORTALEZA,12800,PPCELL,CONJUNTO ESPERANÇA,32,"0,29",ELEITO
2024,1,FORTALEZA,22222,PRISCILA COSTA,CONJUNTO ESPERANÇA,504,"1,39",ELEITO
2024,1,FORTALEZA,25123,PROFESSOR AGUIAR TOBA,CONJUNTO ESPERANÇA,82,"1,17",ELEITO
2024,1,FORTALEZA,23456,PROFESSOR ENILSON,CONJUNTO ESPERANÇA,391,"3,85",ELEITO
2024,1,FORTALEZA,12999,RAIMUNDO FILHO,CONJUNTO ESPERANÇA,124,"1,21",SUPLENTE
2024,1,FORTALEZA,44777,RENE PESSOA,CONJUNTO ESPERANÇA,85,"1,42",SUPLENTE
2024,1,FORTALEZA,10123,RONALDO MARTINS,CONJUNTO ESPERANÇA,328,"1,62",ELEITO
2024,1,FORTALEZA,44190,SOLDADO NOELIO,CONJUNTO ESPERANÇA,76,"1,11",ELEITO
2024,1,FORTALEZA,55555,TIA FRANCISCA,CONJUNTO ESPERANÇA,545,"7,87",SUPLENTE
2024,1,FORTALEZA,55777,TONY BRITO,CONJUNTO ESPERANÇA,84,"0,69",SUPLENTE
2024,1,FORTALEZA,20000,WELLINGTON SABÓIA,CONJUNTO ESPERANÇA,96,"0,87",ELEITO
2024,1,FORTALEZA,12777,ADAIL JR.,CONJUNTO PALMEIRAS,20,"0,14",ELEITO
2024,1,FORTALEZA,50777,ADRIANA GERÔNIMO,CONJUNTO PALMEIRAS,71,"0,78",ELEITO
2024,1,FORTALEZA,13120,AGLAYLSON,CONJUNTO PALMEIRAS,114,"1,19",ELEITO
2024,1,FORTALEZA,70123,ANA ARACAPÉ,CONJUNTO PALMEIRAS,57,"0,55",ELEITO
2024,1,FORTALEZA,55011,APOLLO VICZ,CONJUNTO PALMEIRAS,94,"0,74",ELEITO
2024,1,FORTALEZA,40000,BÁ,CONJUNTO PALMEIRAS,32,"0,43",ELEITO
2024,1,FORTALEZA,22022,BELLA CARMELO,CONJUNTO PALMEIRAS,192,"0,68",ELEITO
2024,1,FORTALEZA,10456,BENIGNO JUNIOR,CONJUNTO PALMEIRAS,25,"0,3",ELEITO
2024,1,FORTALEZA,55789,BRUNO MESQUITA,CONJUNTO PALMEIRAS,10,"0,07",ELEITO
2024,1,FORTALEZA,27123,CARLA DO ACILON,CONJUNTO PALMEIRAS,206,"2,19",ELEITO
2024,1,FORTALEZA,25456,CHIQUINHO DOS CARNEIROS,CONJUNTO PALMEIRAS,66,"0,69",ELEITO
2024,1,FORTALEZA,70369,CLAUDIO LIMA,CONJUNTO PALMEIRAS,16,"0,2",SUPLENTE
2024,1,FORTALEZA,55300,CÔNSUL DO POVO,CONJUNTO PALMEIRAS,79,"1,49",SUPLENTE
2024,1,FORTALEZA,20012,DAYANE COSTA,CONJUNTO PALMEIRAS,15,"0,31",SUPLENTE
2024,1,FORTALEZA,13123,DR VICENTE,CONJUNTO PALMEIRAS,58,"0,77",SUPLENTE
2024,1,FORTALEZA,12500,DR. LUCIANO GIRÃO,CONJUNTO PALMEIRAS,380,"3,3",ELEITO
2024,1,FORTALEZA,27999,DUMMAR,CONJUNTO PALMEIRAS,29,"0,88",SUPLENTE
2024,1,FORTALEZA,70111,EMANUEL ACRIZIO,CONJUNTO PALMEIRAS,121,"0,75",ELEITO
2024,1,FORTALEZA,55111,ERICH DOUGLAS,CONJUNTO PALMEIRAS,110,"0,83",ELEITO
2024,1,FORTALEZA,55000,EUDES BRINGEL,CONJUNTO PALMEIRAS,14,"0,11",ELEITO
2024,1,FORTALEZA,50555,GABRIEL BIOLOGIA,CONJUNTO PALMEIRAS,147,"0,48",ELEITO
2024,1,FORTALEZA,12333,GARDEL ROLIM,CONJUNTO PALMEIRAS,98,"0,61",ELEITO
2024,1,FORTALEZA,33024,GERMANO HE MAN,CONJUNTO PALMEIRAS,13,"0,13",ELEITO
2024,1,FORTALEZA,22122,INSPETOR ALBERTO,CONJUNTO PALMEIRAS,81,"1,02",ELEITO
2024,1,FORTALEZA,11678,IRMÃO LÉO,CONJUNTO PALMEIRAS,27,"0,52",ELEITO
2024,1,FORTALEZA,12111,JÂNIO HENRIQUE,CONJUNTO PALMEIRAS,83,"0,76",ELEITO
2024,1,FORTALEZA,40789,JOHN MONTEIRO,CONJUNTO PALMEIRAS,1,"0,02",SUPLENTE
2024,1,FORTALEZA,45000,JORGE PINHEIRO,CONJUNTO PALMEIRAS,40,"0,35",ELEITO
2024,1,FORTALEZA,22123,JULIERME SENA,CONJUNTO PALMEIRAS,106,"1,02",ELEITO
2024,1,FORTALEZA,13321,JULIO BRIZZI,CONJUNTO PALMEIRAS,91,"1,17",ELEITO
2024,1,FORTALEZA,12123,KÁTIA RODRIGUES,CONJUNTO PALMEIRAS,47,"0,39",ELEITO
2024,1,FORTALEZA,40123,LEO COUTO,CONJUNTO PALMEIRAS,92,"1,03",ELEITO
2024,1,FORTALEZA,36789,LUIZ PAUPINA,CONJUNTO PALMEIRAS,70,"1,16",ELEITO
2024,1,FORTALEZA,12000,MARCEL COLARES,CONJUNTO PALMEIRAS,417,"2,73",ELEITO
2024,1,FORTALEZA,22333,MARCELO MENDES,CONJUNTO PALMEIRAS,24,"0,33",ELEITO
2024,1,FORTALEZA,70200,MARCELO TCHELA,CONJUNTO PALMEIRAS,37,"0,56",SUPLENTE
2024,1,FORTALEZA,44444,MÁRCIO MARTINS,CONJUNTO PALMEIRAS,28,"0,23",ELEITO
2024,1,FORTALEZA,11111,MARCOS PAULO,CONJUNTO PALMEIRAS,3190,"63,9",ELEITO
2024,1,FORTALEZA,13131,MARI LACERDA,CONJUNTO PALMEIRAS,129,"1,61",ELEITO
2024,1,FORTALEZA,25555,MICHEL LINS,CONJUNTO PALMEIRAS,35,"0,37",ELEITO
2024,1,FORTALEZA,25777,NILO DANTAS,CONJUNTO PALMEIRAS,17,"0,27",SUPLENTE
2024,1,FORTALEZA,12444,PAULO MARTINS,CONJUNTO PALMEIRAS,103,"0,8",ELEITO
2024,1,FORTALEZA,70222,PEDRO MATOS,CONJUNTO PALMEIRAS,84,"0,95",ELEITO
2024,1,FORTALEZA,12800,PPCELL,CONJUNTO PALMEIRAS,3623,"32,94",ELEITO
2024,1,FORTALEZA,22222,PRISCILA COSTA,CONJUNTO PALMEIRAS,367,"1,01",ELEITO
2024,1,FORTALEZA,25123,PROFESSOR AGUIAR TOBA,CONJUNTO PALMEIRAS,15,"0,21",ELEITO
2024,1,FORTALEZA,23456,PROFESSOR ENILSON,CONJUNTO PALMEIRAS,36,"0,35",ELEITO
2024,1,FORTALEZA,12999,RAIMUNDO FILHO,CONJUNTO PALMEIRAS,52,"0,51",SUPLENTE
2024,1,FORTALEZA,44777,RENE PESSOA,CONJUNTO PALMEIRAS,107,"1,79",SUPLENTE
2024,1,FORTALEZA,10123,RONALDO MARTINS,CONJUNTO PALMEIRAS,358,"1,76",ELEITO
2024,1,FORTALEZA,44190,SOLDADO NOELIO,CONJUNTO PALMEIRAS,44,"0,64",ELEITO
2024,1,FORTALEZA,55555,TIA FRANCISCA,CONJUNTO PALMEIRAS,29,"0,42",SUPLENTE
2024,1,FORTALEZA,55777,TONY BRITO,CONJUNTO PALMEIRAS,22,"0,18",SUPLENTE
2024,1,FORTALEZA,20000,WELLINGTON SABÓIA,CONJUNTO PALMEIRAS,99,"0,9",ELEITO
2024,1,FORTALEZA,12777,ADAIL JR.,CRISTO REDENTOR,63,"0,44",ELEITO
2024,1,FORTALEZA,50777,ADRIANA GERÔNIMO,CRISTO REDENTOR,38,"0,42",ELEITO
2024,1,FORTALEZA,13120,AGLAYLSON,CRISTO REDENTOR,195,"2,03",ELEITO
2024,1,FORTALEZA,70123,ANA ARACAPÉ,CRISTO REDENTOR,13,"0,13",ELEITO
2024,1,FORTALEZA,55011,APOLLO VICZ,CRISTO REDENTOR,113,"0,88",ELEITO
2024,1,FORTALEZA,40000,BÁ,CRISTO REDENTOR,13,"0,17",ELEITO
2024,1,FORTALEZA,22022,BELLA CARMELO,CRISTO REDENTOR,244,"0,87",ELEITO
2024,1,FORTALEZA,10456,BENIGNO JUNIOR,CRISTO REDENTOR,24,"0,29",ELEITO
2024,1,FORTALEZA,55789,BRUNO MESQUITA,CRISTO REDENTOR,109,"0,77",ELEITO
2024,1,FORTALEZA,27123,CARLA DO ACILON,CRISTO REDENTOR,160,"1,7",ELEITO
2024,1,FORTALEZA,25456,CHIQUINHO DOS CARNEIROS,CRISTO REDENTOR,6,"0,06",ELEITO
2024,1,FORTALEZA,70369,CLAUDIO LIMA,CRISTO REDENTOR,2322,"29,62",SUPLENTE
2024,1,FORTALEZA,55300,CÔNSUL DO POVO,CRISTO REDENTOR,47,"0,88",SUPLENTE
2024,1,FORTALEZA,20012,DAYANE COSTA,CRISTO REDENTOR,3,"0,06",SUPLENTE
2024,1,FORTALEZA,13123,DR VICENTE,CRISTO REDENTOR,74,"0,98",SUPLENTE
2024,1,FORTALEZA,12500,DR. LUCIANO GIRÃO,CRISTO REDENTOR,232,"2,01",ELEITO
2024,1,FORTALEZA,27999,DUMMAR,CRISTO REDENTOR,5,"0,15",SUPLENTE
2024,1,FORTALEZA,70111,EMANUEL ACRIZIO,CRISTO REDENTOR,172,"1,07",ELEITO
2024,1,FORTALEZA,55111,ERICH DOUGLAS,CRISTO REDENTOR,124,"0,94",ELEITO
2024,1,FORTALEZA,55000,EUDES BRINGEL,CRISTO REDENTOR,28,"0,23",ELEITO
2024,1,FORTALEZA,50555,GABRIEL BIOLOGIA,CRISTO REDENTOR,184,"0,6",ELEITO
2024,1,FORTALEZA,12333,GARDEL ROLIM,CRISTO REDENTOR,201,"1,25",ELEITO
2024,1,FORTALEZA,33024,GERMANO HE MAN,CRISTO REDENTOR,19,"0,19",ELEITO
2024,1,FORTALEZA,22122,INSPETOR ALBERTO,CRISTO REDENTOR,71,"0,9",ELEITO
2024,1,FORTALEZA,11678,IRMÃO LÉO,CRISTO REDENTOR,52,1,ELEITO
2024,1,FORTALEZA,12111,JÂNIO HENRIQUE,CRISTO REDENTOR,49,"0,45",ELEITO
2024,1,FORTALEZA,40789,JOHN MONTEIRO,CRISTO REDENTOR,16,"0,38",SUPLENTE
2024,1,FORTALEZA,45000,JORGE PINHEIRO,CRISTO REDENTOR,85,"0,75",ELEITO
2024,1,FORTALEZA,22123,JULIERME SENA,CRISTO REDENTOR,131,"1,26",ELEITO
2024,1,FORTALEZA,13321,JULIO BRIZZI,CRISTO REDENTOR,84,"1,08",ELEITO
2024,1,FORTALEZA,12123,KÁTIA RODRIGUES,CRISTO REDENTOR,976,"8,16",ELEITO
2024,1,FORTALEZA,40123,LEO COUTO,CRISTO REDENTOR,157,"1,75",ELEITO
2024,1,FORTALEZA,36789,LUIZ PAUPINA,CRISTO REDENTOR,16,"0,27",ELEITO
2024,1,FORTALEZA,12000,MARCEL COLARES,CRISTO REDENTOR,19,"0,12",ELEITO
2024,1,FORTALEZA,22333,MARCELO MENDES,CRISTO REDENTOR,22,"0,31",ELEITO
2024,1,FORTALEZA,70200,MARCELO TCHELA,CRISTO REDENTOR,43,"0,65",SUPLENTE
2024,1,FORTALEZA,44444,MÁRCIO MARTINS,CRISTO REDENTOR,48,"0,4",ELEITO
2024,1,FORTALEZA,11111,MARCOS PAULO,CRISTO REDENTOR,9,"0,18",ELEITO
2024,1,FORTALEZA,13131,MARI LACERDA,CRISTO REDENTOR,57,"0,71",ELEITO
2024,1,FORTALEZA,25555,MICHEL LINS,CRISTO REDENTOR,77,"0,81",ELEITO
2024,1,FORTALEZA,25777,NILO DANTAS,CRISTO REDENTOR,344,"5,47",SUPLENTE
2024,1,FORTALEZA,12444,PAULO MARTINS,CRISTO REDENTOR,54,"0,42",ELEITO
2024,1,FORTALEZA,70222,PEDRO MATOS,CRISTO REDENTOR,138,"1,56",ELEITO
2024,1,FORTALEZA,12800,PPCELL,CRISTO REDENTOR,65,"0,59",ELEITO
2024,1,FORTALEZA,22222,PRISCILA COSTA,CRISTO REDENTOR,360,"0,99",ELEITO
2024,1,FORTALEZA,25123,PROFESSOR AGUIAR TOBA,CRISTO REDENTOR,34,"0,49",ELEITO
2024,1,FORTALEZA,23456,PROFESSOR ENILSON,CRISTO REDENTOR,477,"4,7",ELEITO
2024,1,FORTALEZA,12999,RAIMUNDO FILHO,CRISTO REDENTOR,40,"0,39",SUPLENTE
2024,1,FORTALEZA,44777,RENE PESSOA,CRISTO REDENTOR,94,"1,57",SUPLENTE
2024,1,FORTALEZA,10123,RONALDO MARTINS,CRISTO REDENTOR,285,"1,4",ELEITO
2024,1,FORTALEZA,44190,SOLDADO NOELIO,CRISTO REDENTOR,127,"1,85",ELEITO
2024,1,FORTALEZA,55555,TIA FRANCISCA,CRISTO REDENTOR,6,"0,09",SUPLENTE
2024,1,FORTALEZA,55777,TONY BRITO,CRISTO REDENTOR,132,"1,08",SUPLENTE
2024,1,FORTALEZA,20000,WELLINGTON SABÓIA,CRISTO REDENTOR,305,"2,77",ELEITO
2024,1,FORTALEZA,12777,ADAIL JR.,DAMAS,7,"0,05",ELEITO
2024,1,FORTALEZA,50777,ADRIANA GERÔNIMO,DAMAS,59,"0,65",ELEITO
2024,1,FORTALEZA,13120,AGLAYLSON,DAMAS,25,"0,26",ELEITO
2024,1,FORTALEZA,70123,ANA ARACAPÉ,DAMAS,11,"0,11",ELEITO
2024,1,FORTALEZA,55011,APOLLO VICZ,DAMAS,48,"0,38",ELEITO
2024,1,FORTALEZA,40000,BÁ,DAMAS,5,"0,07",ELEITO
2024,1,FORTALEZA,22022,BELLA CARMELO,DAMAS,64,"0,23",ELEITO
2024,1,FORTALEZA,10456,BENIGNO JUNIOR,DAMAS,24,"0,29",ELEITO
2024,1,FORTALEZA,55789,BRUNO MESQUITA,DAMAS,27,"0,19",ELEITO
2024,1,FORTALEZA,27123,CARLA DO ACILON,DAMAS,14,"0,15",ELEITO
2024,1,FORTALEZA,25456,CHIQUINHO DOS CARNEIROS,DAMAS,2,"0,02",ELEITO
2024,1,FORTALEZA,70369,CLAUDIO LIMA,DAMAS,12,"0,15",SUPLENTE
2024,1,FORTALEZA,55300,CÔNSUL DO POVO,DAMAS,3,"0,06",SUPLENTE
2024,1,FORTALEZA,13123,DR VICENTE,DAMAS,41,"0,54",SUPLENTE
2024,1,FORTALEZA,12500,DR. LUCIANO GIRÃO,DAMAS,30,"0,26",ELEITO
2024,1,FORTALEZA,27999,DUMMAR,DAMAS,3,"0,09",SUPLENTE
2024,1,FORTALEZA,70111,EMANUEL ACRIZIO,DAMAS,18,"0,11",ELEITO
2024,1,FORTALEZA,55111,ERICH DOUGLAS,DAMAS,42,"0,32",ELEITO
2024,1,FORTALEZA,55000,EUDES BRINGEL,DAMAS,12,"0,1",ELEITO
2024,1,FORTALEZA,50555,GABRIEL BIOLOGIA,DAMAS,161,"0,52",ELEITO
2024,1,FORTALEZA,12333,GARDEL ROLIM,DAMAS,14,"0,09",ELEITO
2024,1,FORTALEZA,33024,GERMANO HE MAN,DAMAS,12,"0,12",ELEITO
2024,1,FORTALEZA,22122,INSPETOR ALBERTO,DAMAS,14,"0,18",ELEITO
2024,1,FORTALEZA,11678,IRMÃO LÉO,DAMAS,5,"0,1",ELEITO
2024,1,FORTALEZA,12111,JÂNIO HENRIQUE,DAMAS,9,"0,08",ELEITO
2024,1,FORTALEZA,45000,JORGE PINHEIRO,DAMAS,33,"0,29",ELEITO
2024,1,FORTALEZA,22123,JULIERME SENA,DAMAS,19,"0,18",ELEITO
2024,1,FORTALEZA,13321,JULIO BRIZZI,DAMAS,19,"0,24",ELEITO
2024,1,FORTALEZA,12123,KÁTIA RODRIGUES,DAMAS,12,"0,1",ELEITO
2024,1,FORTALEZA,40123,LEO COUTO,DAMAS,9,"0,1",ELEITO
2024,1,FORTALEZA,36789,LUIZ PAUPINA,DAMAS,1,"0,02",ELEITO
2024,1,FORTALEZA,12000,MARCEL COLARES,DAMAS,8,"0,05",ELEITO
2024,1,FORTALEZA,22333,MARCELO MENDES,DAMAS,16,"0,22",ELEITO
2024,1,FORTALEZA,70200,MARCELO TCHELA,DAMAS,26,"0,39",SUPLENTE
2024,1,FORTALEZA,44444,MÁRCIO MARTINS,DAMAS,744,"6,18",ELEITO
2024,1,FORTALEZA,11111,MARCOS PAULO,DAMAS,2,"0,04",ELEITO
2024,1,FORTALEZA,13131,MARI LACERDA,DAMAS,24,"0,3",ELEITO
2024,1,FORTALEZA,25555,MICHEL LINS,DAMAS,44,"0,46",ELEITO
2024,1,FORTALEZA,25777,NILO DANTAS,DAMAS,2,"0,03",SUPLENTE
2024,1,FORTALEZA,12444,PAULO MARTINS,DAMAS,16,"0,12",ELEITO
2024,1,FORTALEZA,70222,PEDRO MATOS,DAMAS,32,"0,36",ELEITO
2024,1,FORTALEZA,12800,PPCELL,DAMAS,9,"0,08",ELEITO
2024,1,FORTALEZA,22222,PRISCILA COSTA,DAMAS,50,"0,14",ELEITO
2024,1,FORTALEZA,25123,PROFESSOR AGUIAR TOBA,DAMAS,5,"0,07",ELEITO
2024,1,FORTALEZA,23456,PROFESSOR ENILSON,DAMAS,3,"0,03",ELEITO
2024,1,FORTALEZA,12999,RAIMUNDO FILHO,DAMAS,38,"0,37",SUPLENTE
2024,1,FORTALEZA,44777,RENE PESSOA,DAMAS,7,"0,12",SUPLENTE
2024,1,FORTALEZA,10123,RONALDO MARTINS,DAMAS,19,"0,09",ELEITO
2024,1,FORTALEZA,44190,SOLDADO NOELIO,DAMAS,14,"0,2",ELEITO
2024,1,FORTALEZA,55555,TIA FRANCISCA,DAMAS,6,"0,09",SUPLENTE
2024,1,FORTALEZA,55777,TONY BRITO,DAMAS,38,"0,31",SUPLENTE
2024,1,FORTALEZA,20000,WELLINGTON SABÓIA,DAMAS,30,"0,27",ELEITO
2024,1,FORTALEZA,12777,ADAIL JR.,DE LOURDES,9,"0,06",ELEITO
2024,1,FORTALEZA,50777,ADRIANA GERÔNIMO,DE LOURDES,119,"1,31",ELEITO
2024,1,FORTALEZA,13120,AGLAYLSON,DE LOURDES,29,"0,3",ELEITO
2024,1,FORTALEZA,70123,ANA ARACAPÉ,DE LOURDES,8,"0,08",ELEITO
2024,1,FORTALEZA,55011,APOLLO VICZ,DE LOURDES,46,"0,36",ELEITO
2024,1,FORTALEZA,40000,BÁ,DE LOURDES,17,"0,23",ELEITO
2024,1,FORTALEZA,22022,BELLA CARMELO,DE LOURDES,377,"1,34",ELEITO
2024,1,FORTALEZA,10456,BENIGNO JUNIOR,DE LOURDES,82,"0,98",ELEITO
2024,1,FORTALEZA,55789,BRUNO MESQUITA,DE LOURDES,14,"0,1",ELEITO
2024,1,FORTALEZA,27123,CARLA DO ACILON,DE LOURDES,27,"0,29",ELEITO
2024,1,FORTALEZA,25456,CHIQUINHO DOS CARNEIROS,DE LOURDES,6,"0,06",ELEITO
2024,1,FORTALEZA,70369,CLAUDIO LIMA,DE LOURDES,3,"0,04",SUPLENTE
2024,1,FORTALEZA,55300,CÔNSUL DO POVO,DE LOURDES,19,"0,36",SUPLENTE
2024,1,FORTALEZA,20012,DAYANE COSTA,DE LOURDES,46,"0,96",SUPLENTE
2024,1,FORTALEZA,13123,DR VICENTE,DE LOURDES,40,"0,53",SUPLENTE
2024,1,FORTALEZA,12500,DR. LUCIANO GIRÃO,DE LOURDES,25,"0,22",ELEITO
2024,1,FORTALEZA,27999,DUMMAR,DE LOURDES,4,"0,12",SUPLENTE
2024,1,FORTALEZA,70111,EMANUEL ACRIZIO,DE LOURDES,43,"0,27",ELEITO
2024,1,FORTALEZA,55111,ERICH DOUGLAS,DE LOURDES,45,"0,34",ELEITO
2024,1,FORTALEZA,55000,EUDES BRINGEL,DE LOURDES,14,"0,11",ELEITO
2024,1,FORTALEZA,50555,GABRIEL BIOLOGIA,DE LOURDES,379,"1,24",ELEITO
2024,1,FORTALEZA,12333,GARDEL ROLIM,DE LOURDES,53,"0,33",ELEITO
2024,1,FORTALEZA,33024,GERMANO HE MAN,DE LOURDES,3,"0,03",ELEITO
2024,1,FORTALEZA,22122,INSPETOR ALBERTO,DE LOURDES,29,"0,37",ELEITO
2024,1,FORTALEZA,11678,IRMÃO LÉO,DE LOURDES,7,"0,13",ELEITO
2024,1,FORTALEZA,12111,JÂNIO HENRIQUE,DE LOURDES,4,"0,04",ELEITO
2024,1,FORTALEZA,40789,JOHN MONTEIRO,DE LOURDES,23,"0,55",SUPLENTE
2024,1,FORTALEZA,45000,JORGE PINHEIRO,DE LOURDES,88,"0,77",ELEITO
2024,1,FORTALEZA,22123,JULIERME SENA,DE LOURDES,37,"0,36",ELEITO
2024,1,FORTALEZA,13321,JULIO BRIZZI,DE LOURDES,67,"0,86",ELEITO
2024,1,FORTALEZA,12123,KÁTIA RODRIGUES,DE LOURDES,12,"0,1",ELEITO
2024,1,FORTALEZA,40123,LEO COUTO,DE LOURDES,27,"0,3",ELEITO
2024,1,FORTALEZA,36789,LUIZ PAUPINA,DE LOURDES,5,"0,08",ELEITO
2024,1,FORTALEZA,12000,MARCEL COLARES,DE LOURDES,40,"0,26",ELEITO
2024,1,FORTALEZA,22333,MARCELO MENDES,DE LOURDES,170,"2,36",ELEITO
2024,1,FORTALEZA,70200,MARCELO TCHELA,DE LOURDES,16,"0,24",SUPLENTE
2024,1,FORTALEZA,44444,MÁRCIO MARTINS,DE LOURDES,28,"0,23",ELEITO
2024,1,FORTALEZA,13131,MARI LACERDA,DE LOURDES,50,"0,62",ELEITO
2024,1,FORTALEZA,25555,MICHEL LINS,DE LOURDES,18,"0,19",ELEITO
2024,1,FORTALEZA,25777,NILO DANTAS,DE LOURDES,4,"0,06",SUPLENTE
2024,1,FORTALEZA,12444,PAULO MARTINS,DE LOURDES,49,"0,38",ELEITO
2024,1,FORTALEZA,70222,PEDRO MATOS,DE LOURDES,193,"2,18",ELEITO
2024,1,FORTALEZA,12800,PPCELL,DE LOURDES,9,"0,08",ELEITO
2024,1,FORTALEZA,22222,PRISCILA COSTA,DE LOURDES,250,"0,69",ELEITO
2024,1,FORTALEZA,25123,PROFESSOR AGUIAR TOBA,DE LOURDES,4,"0,06",ELEITO
2024,1,FORTALEZA,23456,PROFESSOR ENILSON,DE LOURDES,10,"0,1",ELEITO
2024,1,FORTALEZA,12999,RAIMUNDO FILHO,DE LOURDES,11,"0,11",SUPLENTE
2024,1,FORTALEZA,44777,RENE PESSOA,DE LOURDES,68,"1,14",SUPLENTE
2024,1,FORTALEZA,10123,RONALDO MARTINS,DE LOURDES,31,"0,15",ELEITO
2024,1,FORTALEZA,44190,SOLDADO NOELIO,DE LOURDES,12,"0,18",ELEITO
2024,1,FORTALEZA,55555,TIA FRANCISCA,DE LOURDES,6,"0,09",SUPLENTE
2024,1,FORTALEZA,55777,TONY BRITO,DE LOURDES,49,"0,4",SUPLENTE
2024,1,FORTALEZA,20000,WELLINGTON SABÓIA,DE LOURDES,24,"0,22",ELEITO
2024,1,FORTALEZA,12777,ADAIL JR.,DEMOCRITO ROCHA,51,"0,36",ELEITO
2024,1,FORTALEZA,50777,ADRIANA GERÔNIMO,DEMOCRITO ROCHA,40,"0,44",ELEITO
2024,1,FORTALEZA,13120,AGLAYLSON,DEMOCRITO ROCHA,73,"0,76",ELEITO
2024,1,FORTALEZA,70123,ANA ARACAPÉ,DEMOCRITO ROCHA,27,"0,26",ELEITO
2024,1,FORTALEZA,55011,APOLLO VICZ,DEMOCRITO ROCHA,86,"0,67",ELEITO
2024,1,FORTALEZA,40000,BÁ,DEMOCRITO ROCHA,27,"0,36",ELEITO
2024,1,FORTALEZA,22022,BELLA CARMELO,DEMOCRITO ROCHA,99,"0,35",ELEITO
2024,1,FORTALEZA,10456,BENIGNO JUNIOR,DEMOCRITO ROCHA,42,"0,5",ELEITO
2024,1,FORTALEZA,55789,BRUNO MESQUITA,DEMOCRITO ROCHA,664,"4,68",ELEITO
2024,1,FORTALEZA,27123,CARLA DO ACILON,DEMOCRITO ROCHA,75,"0,8",ELEITO
2024,1,FORTALEZA,25456,CHIQUINHO DOS CARNEIROS,DEMOCRITO ROCHA,11,"0,12",ELEITO
2024,1,FORTALEZA,70369,CLAUDIO LIMA,DEMOCRITO ROCHA,38,"0,48",SUPLENTE
2024,1,FORTALEZA,55300,CÔNSUL DO POVO,DEMOCRITO ROCHA,20,"0,38",SUPLENTE
2024,1,FORTALEZA,13123,DR VICENTE,DEMOCRITO ROCHA,32,"0,42",SUPLENTE
2024,1,FORTALEZA,12500,DR. LUCIANO GIRÃO,DEMOCRITO ROCHA,22,"0,19",ELEITO
2024,1,FORTALEZA,27999,DUMMAR,DEMOCRITO ROCHA,3,"0,09",SUPLENTE
2024,1,FORTALEZA,70111,EMANUEL ACRIZIO,DEMOCRITO ROCHA,101,"0,63",ELEITO
2024,1,FORTALEZA,55111,ERICH DOUGLAS,DEMOCRITO ROCHA,89,"0,67",ELEITO
2024,1,FORTALEZA,55000,EUDES BRINGEL,DEMOCRITO ROCHA,75,"0,61",ELEITO
2024,1,FORTALEZA,50555,GABRIEL BIOLOGIA,DEMOCRITO ROCHA,105,"0,34",ELEITO
2024,1,FORTALEZA,12333,GARDEL ROLIM,DEMOCRITO ROCHA,48,"0,3",ELEITO
2024,1,FORTALEZA,33024,GERMANO HE MAN,DEMOCRITO ROCHA,45,"0,44",ELEITO
2024,1,FORTALEZA,22122,INSPETOR ALBERTO,DEMOCRITO ROCHA,59,"0,75",ELEITO
2024,1,FORTALEZA,11678,IRMÃO LÉO,DEMOCRITO ROCHA,5,"0,1",ELEITO
2024,1,FORTALEZA,12111,JÂNIO HENRIQUE,DEMOCRITO ROCHA,29,"0,26",ELEITO
2024,1,FORTALEZA,40789,JOHN MONTEIRO,DEMOCRITO ROCHA,6,"0,14",SUPLENTE
2024,1,FORTALEZA,45000,JORGE PINHEIRO,DEMOCRITO ROCHA,49,"0,43",ELEITO
2024,1,FORTALEZA,22123,JULIERME SENA,DEMOCRITO ROCHA,100,"0,96",ELEITO
2024,1,FORTALEZA,13321,JULIO BRIZZI,DEMOCRITO ROCHA,41,"0,53",ELEITO
2024,1,FORTALEZA,12123,KÁTIA RODRIGUES,DEMOCRITO ROCHA,34,"0,28",ELEITO
2024,1,FORTALEZA,40123,LEO COUTO,DEMOCRITO ROCHA,79,"0,88",ELEITO
2024,1,FORTALEZA,36789,LUIZ PAUPINA,DEMOCRITO ROCHA,8,"0,13",ELEITO
2024,1,FORTALEZA,12000,MARCEL COLARES,DEMOCRITO ROCHA,17,"0,11",ELEITO
2024,1,FORTALEZA,22333,MARCELO MENDES,DEMOCRITO ROCHA,17,"0,24",ELEITO
2024,1,FORTALEZA,70200,MARCELO TCHELA,DEMOCRITO ROCHA,382,"5,76",SUPLENTE
2024,1,FORTALEZA,44444,MÁRCIO MARTINS,DEMOCRITO ROCHA,61,"0,51",ELEITO
2024,1,FORTALEZA,11111,MARCOS PAULO,DEMOCRITO ROCHA,6,"0,12",ELEITO
2024,1,FORTALEZA,13131,MARI LACERDA,DEMOCRITO ROCHA,44,"0,55",ELEITO
2024,1,FORTALEZA,25555,MICHEL LINS,DEMOCRITO ROCHA,41,"0,43",ELEITO
2024,1,FORTALEZA,25777,NILO DANTAS,DEMOCRITO ROCHA,23,"0,37",SUPLENTE
2024,1,FORTALEZA,12444,PAULO MARTINS,DEMOCRITO ROCHA,17,"0,13",ELEITO
2024,1,FORTALEZA,70222,PEDRO MATOS,DEMOCRITO ROCHA,28,"0,32",ELEITO
2024,1,FORTALEZA,12800,PPCELL,DEMOCRITO ROCHA,18,"0,16",ELEITO
2024,1,FORTALEZA,22222,PRISCILA COSTA,DEMOCRITO ROCHA,260,"0,72",ELEITO
2024,1,FORTALEZA,25123,PROFESSOR AGUIAR TOBA,DEMOCRITO ROCHA,30,"0,43",ELEITO
2024,1,FORTALEZA,23456,PROFESSOR ENILSON,DEMOCRITO ROCHA,48,"0,47",ELEITO
2024,1,FORTALEZA,12999,RAIMUNDO FILHO,DEMOCRITO ROCHA,1138,"11,1",SUPLENTE
2024,1,FORTALEZA,44777,RENE PESSOA,DEMOCRITO ROCHA,22,"0,37",SUPLENTE
2024,1,FORTALEZA,10123,RONALDO MARTINS,DEMOCRITO ROCHA,51,"0,25",ELEITO
2024,1,FORTALEZA,44190,SOLDADO NOELIO,DEMOCRITO ROCHA,74,"1,08",ELEITO
2024,1,FORTALEZA,55555,TIA FRANCISCA,DEMOCRITO ROCHA,29,"0,42",SUPLENTE
2024,1,FORTALEZA,55777,TONY BRITO,DEMOCRITO ROCHA,42,"0,34",SUPLENTE
2024,1,FORTALEZA,20000,WELLINGTON SABÓIA,DEMOCRITO ROCHA,88,"0,8",ELEITO
2024,1,FORTALEZA,12777,ADAIL JR.,DIAS MACEDO,8,"0,06",ELEITO
2024,1,FORTALEZA,50777,ADRIANA GERÔNIMO,DIAS MACEDO,20,"0,22",ELEITO
2024,1,FORTALEZA,13120,AGLAYLSON,DIAS MACEDO,34,"0,35",ELEITO
2024,1,FORTALEZA,70123,ANA ARACAPÉ,DIAS MACEDO,46,"0,45",ELEITO
2024,1,FORTALEZA,55011,APOLLO VICZ,DIAS MACEDO,90,"0,7",ELEITO
2024,1,FORTALEZA,40000,BÁ,DIAS MACEDO,34,"0,45",ELEITO
2024,1,FORTALEZA,22022,BELLA CARMELO,DIAS MACEDO,105,"0,37",ELEITO
2024,1,FORTALEZA,10456,BENIGNO JUNIOR,DIAS MACEDO,22,"0,26",ELEITO
2024,1,FORTALEZA,55789,BRUNO MESQUITA,DIAS MACEDO,82,"0,58",ELEITO
2024,1,FORTALEZA,27123,CARLA DO ACILON,DIAS MACEDO,55,"0,58",ELEITO
2024,1,FORTALEZA,25456,CHIQUINHO DOS CARNEIROS,DIAS MACEDO,23,"0,24",ELEITO
2024,1,FORTALEZA,70369,CLAUDIO LIMA,DIAS MACEDO,40,"0,51",SUPLENTE
2024,1,FORTALEZA,55300,CÔNSUL DO POVO,DIAS MACEDO,6,"0,11",SUPLENTE
2024,1,FORTALEZA,20012,DAYANE COSTA,DIAS MACEDO,8,"0,17",SUPLENTE
2024,1,FORTALEZA,13123,DR VICENTE,DIAS MACEDO,34,"0,45",SUPLENTE
2024,1,FORTALEZA,12500,DR. LUCIANO GIRÃO,DIAS MACEDO,46,"0,4",ELEITO
2024,1,FORTALEZA,27999,DUMMAR,DIAS MACEDO,33,1,SUPLENTE
2024,1,FORTALEZA,70111,EMANUEL ACRIZIO,DIAS MACEDO,55,"0,34",ELEITO
2024,1,FORTALEZA,55111,ERICH DOUGLAS,DIAS MACEDO,56,"0,42",ELEITO
2024,1,FORTALEZA,55000,EUDES BRINGEL,DIAS MACEDO,14,"0,11",ELEITO
2024,1,FORTALEZA,50555,GABRIEL BIOLOGIA,DIAS MACEDO,90,"0,29",ELEITO
2024,1,FORTALEZA,12333,GARDEL ROLIM,DIAS MACEDO,54,"0,34",ELEITO
2024,1,FORTALEZA,33024,GERMANO HE MAN,DIAS MACEDO,18,"0,18",ELEITO
2024,1,FORTALEZA,22122,INSPETOR ALBERTO,DIAS MACEDO,32,"0,4",ELEITO
2024,1,FORTALEZA,11678,IRMÃO LÉO,DIAS MACEDO,40,"0,77",ELEITO
2024,1,FORTALEZA,12111,JÂNIO HENRIQUE,DIAS MACEDO,16,"0,15",ELEITO
2024,1,FORTALEZA,40789,JOHN MONTEIRO,DIAS MACEDO,5,"0,12",SUPLENTE
2024,1,FORTALEZA,45000,JORGE PINHEIRO,DIAS MACEDO,36,"0,32",ELEITO
2024,1,FORTALEZA,22123,JULIERME SENA,DIAS MACEDO,34,"0,33",ELEITO
2024,1,FORTALEZA,13321,JULIO BRIZZI,DIAS MACEDO,30,"0,39",ELEITO
2024,1,FORTALEZA,12123,KÁTIA RODRIGUES,DIAS MACEDO,170,"1,42",ELEITO
2024,1,FORTALEZA,40123,LEO COUTO,DIAS MACEDO,14,"0,16",ELEITO
2024,1,FORTALEZA,36789,LUIZ PAUPINA,DIAS MACEDO,11,"0,18",ELEITO
2024,1,FORTALEZA,12000,MARCEL COLARES,DIAS MACEDO,70,"0,46",ELEITO
2024,1,FORTALEZA,22333,MARCELO MENDES,DIAS MACEDO,33,"0,46",ELEITO
2024,1,FORTALEZA,70200,MARCELO TCHELA,DIAS MACEDO,13,"0,2",SUPLENTE
2024,1,FORTALEZA,44444,MÁRCIO MARTINS,DIAS MACEDO,33,"0,27",ELEITO
2024,1,FORTALEZA,11111,MARCOS PAULO,DIAS MACEDO,6,"0,12",ELEITO
2024,1,FORTALEZA,13131,MARI LACERDA,DIAS MACEDO,20,"0,25",ELEITO
2024,1,FORTALEZA,25555,MICHEL LINS,DIAS MACEDO,9,"0,09",ELEITO
2024,1,FORTALEZA,25777,NILO DANTAS,DIAS MACEDO,8,"0,13",SUPLENTE
2024,1,FORTALEZA,12444,PAULO MARTINS,DIAS MACEDO,1039,"8,03",ELEITO
2024,1,FORTALEZA,70222,PEDRO MATOS,DIAS MACEDO,44,"0,5",ELEITO
2024,1,FORTALEZA,12800,PPCELL,DIAS MACEDO,21,"0,19",ELEITO
2024,1,FORTALEZA,22222,PRISCILA COSTA,DIAS MACEDO,122,"0,34",ELEITO
2024,1,FORTALEZA,25123,PROFESSOR AGUIAR TOBA,DIAS MACEDO,8,"0,11",ELEITO
2024,1,FORTALEZA,23456,PROFESSOR ENILSON,DIAS MACEDO,105,"1,03",ELEITO
2024,1,FORTALEZA,12999,RAIMUNDO FILHO,DIAS MACEDO,17,"0,17",SUPLENTE
2024,1,FORTALEZA,44777,RENE PESSOA,DIAS MACEDO,15,"0,25",SUPLENTE
2024,1,FORTALEZA,10123,RONALDO MARTINS,DIAS MACEDO,81,"0,4",ELEITO
2024,1,FORTALEZA,44190,SOLDADO NOELIO,DIAS MACEDO,47,"0,69",ELEITO
2024,1,FORTALEZA,55555,TIA FRANCISCA,DIAS MACEDO,17,"0,25",SUPLENTE
2024,1,FORTALEZA,55777,TONY BRITO,DIAS MACEDO,31,"0,25",SUPLENTE
2024,1,FORTALEZA,20000,WELLINGTON SABÓIA,DIAS MACEDO,50,"0,45",ELEITO
2024,1,FORTALEZA,12777,ADAIL JR.,Dionísio Torres,22,"0,15",ELEITO
2024,1,FORTALEZA,50777,ADRIANA GERÔNIMO,Dionísio Torres,326,"3,59",ELEITO
2024,1,FORTALEZA,13120,AGLAYLSON,Dionísio Torres,40,"0,42",ELEITO
2024,1,FORTALEZA,70123,ANA ARACAPÉ,Dionísio Torres,18,"0,17",ELEITO
2024,1,FORTALEZA,55011,APOLLO VICZ,Dionísio Torres,96,"0,75",ELEITO
2024,1,FORTALEZA,40000,BÁ,Dionísio Torres,14,"0,19",ELEITO
2024,1,FORTALEZA,22022,BELLA CARMELO,Dionísio Torres,642,"2,28",ELEITO
2024,1,FORTALEZA,10456,BENIGNO JUNIOR,Dionísio Torres,87,"1,04",ELEITO
2024,1,FORTALEZA,55789,BRUNO MESQUITA,Dionísio Torres,40,"0,28",ELEITO
2024,1,FORTALEZA,27123,CARLA DO ACILON,Dionísio Torres,53,"0,56",ELEITO
2024,1,FORTALEZA,25456,CHIQUINHO DOS CARNEIROS,Dionísio Torres,6,"0,06",ELEITO
2024,1,FORTALEZA,70369,CLAUDIO LIMA,Dionísio Torres,10,"0,13",SUPLENTE
2024,1,FORTALEZA,55300,CÔNSUL DO POVO,Dionísio Torres,15,"0,28",SUPLENTE
2024,1,FORTALEZA,20012,DAYANE COSTA,Dionísio Torres,5,"0,1",SUPLENTE
2024,1,FORTALEZA,13123,DR VICENTE,Dionísio Torres,131,"1,73",SUPLENTE
2024,1,FORTALEZA,12500,DR. LUCIANO GIRÃO,Dionísio Torres,43,"0,37",ELEITO
2024,1,FORTALEZA,27999,DUMMAR,Dionísio Torres,16,"0,48",SUPLENTE
2024,1,FORTALEZA,70111,EMANUEL ACRIZIO,Dionísio Torres,27,"0,17",ELEITO
2024,1,FORTALEZA,55111,ERICH DOUGLAS,Dionísio Torres,147,"1,11",ELEITO
2024,1,FORTALEZA,55000,EUDES BRINGEL,Dionísio Torres,47,"0,38",ELEITO
2024,1,FORTALEZA,50555,GABRIEL BIOLOGIA,Dionísio Torres,981,"3,2",ELEITO
2024,1,FORTALEZA,12333,GARDEL ROLIM,Dionísio Torres,108,"0,67",ELEITO
2024,1,FORTALEZA,33024,GERMANO HE MAN,Dionísio Torres,25,"0,25",ELEITO
2024,1,FORTALEZA,22122,INSPETOR ALBERTO,Dionísio Torres,71,"0,9",ELEITO
2024,1,FORTALEZA,11678,IRMÃO LÉO,Dionísio Torres,4,"0,08",ELEITO
2024,1,FORTALEZA,12111,JÂNIO HENRIQUE,Dionísio Torres,15,"0,14",ELEITO
2024,1,FORTALEZA,40789,JOHN MONTEIRO,Dionísio Torres,13,"0,31",SUPLENTE
2024,1,FORTALEZA,45000,JORGE PINHEIRO,Dionísio Torres,342,"3,01",ELEITO
2024,1,FORTALEZA,22123,JULIERME SENA,Dionísio Torres,69,"0,66",ELEITO
2024,1,FORTALEZA,13321,JULIO BRIZZI,Dionísio Torres,125,"1,61",ELEITO
2024,1,FORTALEZA,12123,KÁTIA RODRIGUES,Dionísio Torres,23,"0,19",ELEITO
2024,1,FORTALEZA,40123,LEO COUTO,Dionísio Torres,80,"0,89",ELEITO
2024,1,FORTALEZA,36789,LUIZ PAUPINA,Dionísio Torres,9,"0,15",ELEITO
2024,1,FORTALEZA,12000,MARCEL COLARES,Dionísio Torres,81,"0,53",ELEITO
2024,1,FORTALEZA,22333,MARCELO MENDES,Dionísio Torres,289,"4,01",ELEITO
2024,1,FORTALEZA,70200,MARCELO TCHELA,Dionísio Torres,23,"0,35",SUPLENTE
2024,1,FORTALEZA,44444,MÁRCIO MARTINS,Dionísio Torres,56,"0,46",ELEITO
2024,1,FORTALEZA,11111,MARCOS PAULO,Dionísio Torres,5,"0,1",ELEITO
2024,1,FORTALEZA,13131,MARI LACERDA,Dionísio Torres,138,"1,72",ELEITO
2024,1,FORTALEZA,25555,MICHEL LINS,Dionísio Torres,25,"0,26",ELEITO
2024,1,FORTALEZA,25777,NILO DANTAS,Dionísio Torres,5,"0,08",SUPLENTE
2024,1,FORTALEZA,12444,PAULO MARTINS,Dionísio Torres,102,"0,79",ELEITO
2024,1,FORTALEZA,70222,PEDRO MATOS,Dionísio Torres,196,"2,21",ELEITO
2024,1,FORTALEZA,12800,PPCELL,Dionísio Torres,35,"0,32",ELEITO
2024,1,FORTALEZA,22222,PRISCILA COSTA,Dionísio Torres,394,"1,09",ELEITO
2024,1,FORTALEZA,25123,PROFESSOR AGUIAR TOBA,Dionísio Torres,7,"0,1",ELEITO
2024,1,FORTALEZA,23456,PROFESSOR ENILSON,Dionísio Torres,19,"0,19",ELEITO
2024,1,FORTALEZA,12999,RAIMUNDO FILHO,Dionísio Torres,31,"0,3",SUPLENTE
2024,1,FORTALEZA,44777,RENE PESSOA,Dionísio Torres,93,"1,56",SUPLENTE
2024,1,FORTALEZA,10123,RONALDO MARTINS,Dionísio Torres,66,"0,33",ELEITO
2024,1,FORTALEZA,44190,SOLDADO NOELIO,Dionísio Torres,24,"0,35",ELEITO
2024,1,FORTALEZA,55555,TIA FRANCISCA,Dionísio Torres,17,"0,25",SUPLENTE
2024,1,FORTALEZA,55777,TONY BRITO,Dionísio Torres,67,"0,55",SUPLENTE
2024,1,FORTALEZA,20000,WELLINGTON SABÓIA,Dionísio Torres,56,"0,51",ELEITO
2024,1,FORTALEZA,12777,ADAIL JR.,DOM LUSTOSA,579,"4,06",ELEITO
2024,1,FORTALEZA,50777,ADRIANA GERÔNIMO,DOM LUSTOSA,33,"0,36",ELEITO
2024,1,FORTALEZA,13120,AGLAYLSON,DOM LUSTOSA,64,"0,67",ELEITO
2024,1,FORTALEZA,70123,ANA ARACAPÉ,DOM LUSTOSA,22,"0,21",ELEITO
2024,1,FORTALEZA,55011,APOLLO VICZ,DOM LUSTOSA,66,"0,52",ELEITO
2024,1,FORTALEZA,40000,BÁ,DOM LUSTOSA,15,"0,2",ELEITO
2024,1,FORTALEZA,22022,BELLA CARMELO,DOM LUSTOSA,111,"0,39",ELEITO
2024,1,FORTALEZA,10456,BENIGNO JUNIOR,DOM LUSTOSA,15,"0,18",ELEITO
2024,1,FORTALEZA,55789,BRUNO MESQUITA,DOM LUSTOSA,51,"0,36",ELEITO
2024,1,FORTALEZA,27123,CARLA DO ACILON,DOM LUSTOSA,28,"0,3",ELEITO
2024,1,FORTALEZA,25456,CHIQUINHO DOS CARNEIROS,DOM LUSTOSA,8,"0,08",ELEITO
2024,1,FORTALEZA,70369,CLAUDIO LIMA,DOM LUSTOSA,39,"0,5",SUPLENTE
2024,1,FORTALEZA,55300,CÔNSUL DO POVO,DOM LUSTOSA,13,"0,24",SUPLENTE
2024,1,FORTALEZA,13123,DR VICENTE,DOM LUSTOSA,25,"0,33",SUPLENTE
2024,1,FORTALEZA,12500,DR. LUCIANO GIRÃO,DOM LUSTOSA,44,"0,38",ELEITO
2024,1,FORTALEZA,27999,DUMMAR,DOM LUSTOSA,4,"0,12",SUPLENTE
2024,1,FORTALEZA,70111,EMANUEL ACRIZIO,DOM LUSTOSA,73,"0,45",ELEITO
2024,1,FORTALEZA,55111,ERICH DOUGLAS,DOM LUSTOSA,55,"0,42",ELEITO
2024,1,FORTALEZA,55000,EUDES BRINGEL,DOM LUSTOSA,1055,"8,59",ELEITO
2024,1,FORTALEZA,50555,GABRIEL BIOLOGIA,DOM LUSTOSA,93,"0,3",ELEITO
2024,1,FORTALEZA,12333,GARDEL ROLIM,DOM LUSTOSA,66,"0,41",ELEITO
2024,1,FORTALEZA,33024,GERMANO HE MAN,DOM LUSTOSA,11,"0,11",ELEITO
2024,1,FORTALEZA,22122,INSPETOR ALBERTO,DOM LUSTOSA,44,"0,56",ELEITO
2024,1,FORTALEZA,11678,IRMÃO LÉO,DOM LUSTOSA,11,"0,21",ELEITO
2024,1,FORTALEZA,12111,JÂNIO HENRIQUE,DOM LUSTOSA,57,"0,52",ELEITO
2024,1,FORTALEZA,45000,JORGE PINHEIRO,DOM LUSTOSA,27,"0,24",ELEITO
2024,1,FORTALEZA,22123,JULIERME SENA,DOM LUSTOSA,31,"0,3",ELEITO
2024,1,FORTALEZA,13321,JULIO BRIZZI,DOM LUSTOSA,12,"0,15",ELEITO
2024,1,FORTALEZA,12123,KÁTIA RODRIGUES,DOM LUSTOSA,40,"0,33",ELEITO
2024,1,FORTALEZA,40123,LEO COUTO,DOM LUSTOSA,49,"0,55",ELEITO
2024,1,FORTALEZA,36789,LUIZ PAUPINA,DOM LUSTOSA,10,"0,17",ELEITO
2024,1,FORTALEZA,12000,MARCEL COLARES,DOM LUSTOSA,4,"0,03",ELEITO
2024,1,FORTALEZA,22333,MARCELO MENDES,DOM LUSTOSA,11,"0,15",ELEITO
2024,1,FORTALEZA,70200,MARCELO TCHELA,DOM LUSTOSA,28,"0,42",SUPLENTE
2024,1,FORTALEZA,44444,MÁRCIO MARTINS,DOM LUSTOSA,35,"0,29",ELEITO
2024,1,FORTALEZA,11111,MARCOS PAULO,DOM LUSTOSA,8,"0,16",ELEITO
2024,1,FORTALEZA,13131,MARI LACERDA,DOM LUSTOSA,22,"0,27",ELEITO
2024,1,FORTALEZA,25555,MICHEL LINS,DOM LUSTOSA,23,"0,24",ELEITO
2024,1,FORTALEZA,25777,NILO DANTAS,DOM LUSTOSA,12,"0,19",SUPLENTE
2024,1,FORTALEZA,12444,PAULO MARTINS,DOM LUSTOSA,16,"0,12",ELEITO
2024,1,FORTALEZA,70222,PEDRO MATOS,DOM LUSTOSA,25,"0,28",ELEITO
2024,1,FORTALEZA,12800,PPCELL,DOM LUSTOSA,27,"0,25",ELEITO
2024,1,FORTALEZA,22222,PRISCILA COSTA,DOM LUSTOSA,171,"0,47",ELEITO
2024,1,FORTALEZA,25123,PROFESSOR AGUIAR TOBA,DOM LUSTOSA,42,"0,6",ELEITO
2024,1,FORTALEZA,23456,PROFESSOR ENILSON,DOM LUSTOSA,15,"0,15",ELEITO
2024,1,FORTALEZA,12999,RAIMUNDO FILHO,DOM LUSTOSA,122,"1,19",SUPLENTE
2024,1,FORTALEZA,44777,RENE PESSOA,DOM LUSTOSA,16,"0,27",SUPLENTE
2024,1,FORTALEZA,10123,RONALDO MARTINS,DOM LUSTOSA,118,"0,58",ELEITO
2024,1,FORTALEZA,44190,SOLDADO NOELIO,DOM LUSTOSA,35,"0,51",ELEITO
2024,1,FORTALEZA,55555,TIA FRANCISCA,DOM LUSTOSA,14,"0,2",SUPLENTE
2024,1,FORTALEZA,55777,TONY BRITO,DOM LUSTOSA,48,"0,39",SUPLENTE
2024,1,FORTALEZA,20000,WELLINGTON SABÓIA,DOM LUSTOSA,38,"0,35",ELEITO
2024,1,FORTALEZA,12777,ADAIL JR.,EDSON QUEIROZ,49,"0,34",ELEITO
2024,1,FORTALEZA,50777,ADRIANA GERÔNIMO,EDSON QUEIROZ,263,"2,89",ELEITO
2024,1,FORTALEZA,13120,AGLAYLSON,EDSON QUEIROZ,71,"0,74",ELEITO
2024,1,FORTALEZA,70123,ANA ARACAPÉ,EDSON QUEIROZ,146,"1,41",ELEITO
2024,1,FORTALEZA,55011,APOLLO VICZ,EDSON QUEIROZ,214,"1,68",ELEITO
2024,1,FORTALEZA,40000,BÁ,EDSON QUEIROZ,61,"0,81",ELEITO
2024,1,FORTALEZA,22022,BELLA CARMELO,EDSON QUEIROZ,844,3,ELEITO
2024,1,FORTALEZA,10456,BENIGNO JUNIOR,EDSON QUEIROZ,550,"6,59",ELEITO
2024,1,FORTALEZA,55789,BRUNO MESQUITA,EDSON QUEIROZ,61,"0,43",ELEITO
2024,1,FORTALEZA,27123,CARLA DO ACILON,EDSON QUEIROZ,134,"1,42",ELEITO
2024,1,FORTALEZA,25456,CHIQUINHO DOS CARNEIROS,EDSON QUEIROZ,23,"0,24",ELEITO
2024,1,FORTALEZA,70369,CLAUDIO LIMA,EDSON QUEIROZ,14,"0,18",SUPLENTE
2024,1,FORTALEZA,55300,CÔNSUL DO POVO,EDSON QUEIROZ,79,"1,49",SUPLENTE
2024,1,FORTALEZA,20012,DAYANE COSTA,EDSON QUEIROZ,75,"1,56",SUPLENTE
2024,1,FORTALEZA,13123,DR VICENTE,EDSON QUEIROZ,146,"1,93",SUPLENTE
2024,1,FORTALEZA,12500,DR. LUCIANO GIRÃO,EDSON QUEIROZ,892,"7,74",ELEITO
2024,1,FORTALEZA,27999,DUMMAR,EDSON QUEIROZ,88,"2,66",SUPLENTE
2024,1,FORTALEZA,70111,EMANUEL ACRIZIO,EDSON QUEIROZ,110,"0,68",ELEITO
2024,1,FORTALEZA,55111,ERICH DOUGLAS,EDSON QUEIROZ,216,"1,63",ELEITO
2024,1,FORTALEZA,55000,EUDES BRINGEL,EDSON QUEIROZ,146,"1,19",ELEITO
2024,1,FORTALEZA,50555,GABRIEL BIOLOGIA,EDSON QUEIROZ,902,"2,94",ELEITO
2024,1,FORTALEZA,12333,GARDEL ROLIM,EDSON QUEIROZ,310,"1,93",ELEITO
2024,1,FORTALEZA,33024,GERMANO HE MAN,EDSON QUEIROZ,59,"0,58",ELEITO
2024,1,FORTALEZA,22122,INSPETOR ALBERTO,EDSON QUEIROZ,167,"2,11",ELEITO
2024,1,FORTALEZA,11678,IRMÃO LÉO,EDSON QUEIROZ,8,"0,15",ELEITO
2024,1,FORTALEZA,12111,JÂNIO HENRIQUE,EDSON QUEIROZ,32,"0,29",ELEITO
2024,1,FORTALEZA,40789,JOHN MONTEIRO,EDSON QUEIROZ,53,"1,26",SUPLENTE
2024,1,FORTALEZA,45000,JORGE PINHEIRO,EDSON QUEIROZ,372,"3,28",ELEITO
2024,1,FORTALEZA,22123,JULIERME SENA,EDSON QUEIROZ,141,"1,36",ELEITO
2024,1,FORTALEZA,13321,JULIO BRIZZI,EDSON QUEIROZ,199,"2,56",ELEITO
2024,1,FORTALEZA,12123,KÁTIA RODRIGUES,EDSON QUEIROZ,87,"0,73",ELEITO
2024,1,FORTALEZA,40123,LEO COUTO,EDSON QUEIROZ,287,"3,2",ELEITO
2024,1,FORTALEZA,36789,LUIZ PAUPINA,EDSON QUEIROZ,30,"0,5",ELEITO
2024,1,FORTALEZA,12000,MARCEL COLARES,EDSON QUEIROZ,223,"1,46",ELEITO
2024,1,FORTALEZA,22333,MARCELO MENDES,EDSON QUEIROZ,203,"2,82",ELEITO
2024,1,FORTALEZA,70200,MARCELO TCHELA,EDSON QUEIROZ,57,"0,86",SUPLENTE
2024,1,FORTALEZA,44444,MÁRCIO MARTINS,EDSON QUEIROZ,74,"0,61",ELEITO
2024,1,FORTALEZA,11111,MARCOS PAULO,EDSON QUEIROZ,35,"0,7",ELEITO
2024,1,FORTALEZA,13131,MARI LACERDA,EDSON QUEIROZ,175,"2,18",ELEITO
2024,1,FORTALEZA,25555,MICHEL LINS,EDSON QUEIROZ,45,"0,47",ELEITO
2024,1,FORTALEZA,25777,NILO DANTAS,EDSON QUEIROZ,8,"0,13",SUPLENTE
2024,1,FORTALEZA,12444,PAULO MARTINS,EDSON QUEIROZ,149,"1,15",ELEITO
2024,1,FORTALEZA,70222,PEDRO MATOS,EDSON QUEIROZ,220,"2,48",ELEITO
2024,1,FORTALEZA,12800,PPCELL,EDSON QUEIROZ,57,"0,52",ELEITO
2024,1,FORTALEZA,22222,PRISCILA COSTA,EDSON QUEIROZ,967,"2,67",ELEITO
2024,1,FORTALEZA,25123,PROFESSOR AGUIAR TOBA,EDSON QUEIROZ,15,"0,21",ELEITO
2024,1,FORTALEZA,23456,PROFESSOR ENILSON,EDSON QUEIROZ,40,"0,39",ELEITO
2024,1,FORTALEZA,12999,RAIMUNDO FILHO,EDSON QUEIROZ,37,"0,36",SUPLENTE
2024,1,FORTALEZA,44777,RENE PESSOA,EDSON QUEIROZ,129,"2,16",SUPLENTE
2024,1,FORTALEZA,10123,RONALDO MARTINS,EDSON QUEIROZ,379,"1,87",ELEITO
2024,1,FORTALEZA,44190,SOLDADO NOELIO,EDSON QUEIROZ,49,"0,72",ELEITO
2024,1,FORTALEZA,55555,TIA FRANCISCA,EDSON QUEIROZ,20,"0,29",SUPLENTE
2024,1,FORTALEZA,55777,TONY BRITO,EDSON QUEIROZ,95,"0,78",SUPLENTE
2024,1,FORTALEZA,20000,WELLINGTON SABÓIA,EDSON QUEIROZ,84,"0,76",ELEITO
2024,1,FORTALEZA,12777,ADAIL JR.,Vila Ellery,7,"0,05",ELEITO
2024,1,FORTALEZA,50777,ADRIANA GERÔNIMO,Vila Ellery,8,"0,09",ELEITO
2024,1,FORTALEZA,13120,AGLAYLSON,Vila Ellery,7,"0,07",ELEITO
2024,1,FORTALEZA,70123,ANA ARACAPÉ,Vila Ellery,7,"0,07",ELEITO
2024,1,FORTALEZA,55011,APOLLO VICZ,Vila Ellery,15,"0,12",ELEITO
2024,1,FORTALEZA,22022,BELLA CARMELO,Vila Ellery,35,"0,12",ELEITO
2024,1,FORTALEZA,10456,BENIGNO JUNIOR,Vila Ellery,1,"0,01",ELEITO
2024,1,FORTALEZA,55789,BRUNO MESQUITA,Vila Ellery,4,"0,03",ELEITO
2024,1,FORTALEZA,27123,CARLA DO ACILON,Vila Ellery,7,"0,07",ELEITO
2024,1,FORTALEZA,70369,CLAUDIO LIMA,Vila Ellery,6,"0,08",SUPLENTE
2024,1,FORTALEZA,13123,DR VICENTE,Vila Ellery,8,"0,11",SUPLENTE
2024,1,FORTALEZA,12500,DR. LUCIANO GIRÃO,Vila Ellery,2,"0,02",ELEITO
2024,1,FORTALEZA,27999,DUMMAR,Vila Ellery,1,"0,03",SUPLENTE
2024,1,FORTALEZA,70111,EMANUEL ACRIZIO,Vila Ellery,15,"0,09",ELEITO
2024,1,FORTALEZA,55111,ERICH DOUGLAS,Vila Ellery,12,"0,09",ELEITO
2024,1,FORTALEZA,55000,EUDES BRINGEL,Vila Ellery,7,"0,06",ELEITO
2024,1,FORTALEZA,50555,GABRIEL BIOLOGIA,Vila Ellery,13,"0,04",ELEITO
2024,1,FORTALEZA,12333,GARDEL ROLIM,Vila Ellery,9,"0,06",ELEITO
2024,1,FORTALEZA,33024,GERMANO HE MAN,Vila Ellery,1,"0,01",ELEITO
2024,1,FORTALEZA,22122,INSPETOR ALBERTO,Vila Ellery,10,"0,13",ELEITO
2024,1,FORTALEZA,11678,IRMÃO LÉO,Vila Ellery,3,"0,06",ELEITO
2024,1,FORTALEZA,40789,JOHN MONTEIRO,Vila Ellery,1,"0,02",SUPLENTE
2024,1,FORTALEZA,45000,JORGE PINHEIRO,Vila Ellery,7,"0,06",ELEITO
2024,1,FORTALEZA,22123,JULIERME SENA,Vila Ellery,39,"0,38",ELEITO
2024,1,FORTALEZA,13321,JULIO BRIZZI,Vila Ellery,15,"0,19",ELEITO
2024,1,FORTALEZA,12123,KÁTIA RODRIGUES,Vila Ellery,45,"0,38",ELEITO
2024,1,FORTALEZA,40123,LEO COUTO,Vila Ellery,8,"0,09",ELEITO
2024,1,FORTALEZA,12000,MARCEL COLARES,Vila Ellery,1,"0,01",ELEITO
2024,1,FORTALEZA,22333,MARCELO MENDES,Vila Ellery,1,"0,01",ELEITO
2024,1,FORTALEZA,70200,MARCELO TCHELA,Vila Ellery,15,"0,23",SUPLENTE
2024,1,FORTALEZA,44444,MÁRCIO MARTINS,Vila Ellery,20,"0,17",ELEITO
2024,1,FORTALEZA,13131,MARI LACERDA,Vila Ellery,6,"0,07",ELEITO
2024,1,FORTALEZA,25555,MICHEL LINS,Vila Ellery,19,"0,2",ELEITO
2024,1,FORTALEZA,25777,NILO DANTAS,Vila Ellery,1,"0,02",SUPLENTE
2024,1,FORTALEZA,12444,PAULO MARTINS,Vila Ellery,14,"0,11",ELEITO
2024,1,FORTALEZA,70222,PEDRO MATOS,Vila Ellery,7,"0,08",ELEITO
2024,1,FORTALEZA,12800,PPCELL,Vila Ellery,7,"0,06",ELEITO
2024,1,FORTALEZA,22222,PRISCILA COSTA,Vila Ellery,30,"0,08",ELEITO
2024,1,FORTALEZA,25123,PROFESSOR AGUIAR TOBA,Vila Ellery,1,"0,01",ELEITO
2024,1,FORTALEZA,23456,PROFESSOR ENILSON,Vila Ellery,17,"0,17",ELEITO
2024,1,FORTALEZA,12999,RAIMUNDO FILHO,Vila Ellery,8,"0,08",SUPLENTE
2024,1,FORTALEZA,44777,RENE PESSOA,Vila Ellery,6,"0,1",SUPLENTE
2024,1,FORTALEZA,10123,RONALDO MARTINS,Vila Ellery,20,"0,1",ELEITO
2024,1,FORTALEZA,44190,SOLDADO NOELIO,Vila Ellery,8,"0,12",ELEITO
2024,1,FORTALEZA,55555,TIA FRANCISCA,Vila Ellery,4,"0,06",SUPLENTE
2024,1,FORTALEZA,55777,TONY BRITO,Vila Ellery,15,"0,12",SUPLENTE
2024,1,FORTALEZA,20000,WELLINGTON SABÓIA,Vila Ellery,18,"0,16",ELEITO
2024,1,FORTALEZA,12777,ADAIL JR.,ENGENHEIRO LUCIANO CAVALCANTE,38,"0,27",ELEITO
2024,1,FORTALEZA,50777,ADRIANA GERÔNIMO,ENGENHEIRO LUCIANO CAVALCANTE,209,"2,3",ELEITO
2024,1,FORTALEZA,13120,AGLAYLSON,ENGENHEIRO LUCIANO CAVALCANTE,125,"1,3",ELEITO
2024,1,FORTALEZA,70123,ANA ARACAPÉ,ENGENHEIRO LUCIANO CAVALCANTE,62,"0,6",ELEITO
2024,1,FORTALEZA,55011,APOLLO VICZ,ENGENHEIRO LUCIANO CAVALCANTE,180,"1,41",ELEITO
2024,1,FORTALEZA,40000,BÁ,ENGENHEIRO LUCIANO CAVALCANTE,24,"0,32",ELEITO
2024,1,FORTALEZA,22022,BELLA CARMELO,ENGENHEIRO LUCIANO CAVALCANTE,672,"2,39",ELEITO
2024,1,FORTALEZA,10456,BENIGNO JUNIOR,ENGENHEIRO LUCIANO CAVALCANTE,179,"2,14",ELEITO
2024,1,FORTALEZA,55789,BRUNO MESQUITA,ENGENHEIRO LUCIANO CAVALCANTE,84,"0,59",ELEITO
2024,1,FORTALEZA,27123,CARLA DO ACILON,ENGENHEIRO LUCIANO CAVALCANTE,90,"0,96",ELEITO
2024,1,FORTALEZA,25456,CHIQUINHO DOS CARNEIROS,ENGENHEIRO LUCIANO CAVALCANTE,13,"0,14",ELEITO
2024,1,FORTALEZA,70369,CLAUDIO LIMA,ENGENHEIRO LUCIANO CAVALCANTE,7,"0,09",SUPLENTE
2024,1,FORTALEZA,55300,CÔNSUL DO POVO,ENGENHEIRO LUCIANO CAVALCANTE,36,"0,68",SUPLENTE
2024,1,FORTALEZA,20012,DAYANE COSTA,ENGENHEIRO LUCIANO CAVALCANTE,595,"12,39",SUPLENTE
2024,1,FORTALEZA,13123,DR VICENTE,ENGENHEIRO LUCIANO CAVALCANTE,96,"1,27",SUPLENTE
2024,1,FORTALEZA,12500,DR. LUCIANO GIRÃO,ENGENHEIRO LUCIANO CAVALCANTE,148,"1,28",ELEITO
2024,1,FORTALEZA,27999,DUMMAR,ENGENHEIRO LUCIANO CAVALCANTE,263,"7,96",SUPLENTE
2024,1,FORTALEZA,70111,EMANUEL ACRIZIO,ENGENHEIRO LUCIANO CAVALCANTE,62,"0,39",ELEITO
2024,1,FORTALEZA,55111,ERICH DOUGLAS,ENGENHEIRO LUCIANO CAVALCANTE,196,"1,48",ELEITO
2024,1,FORTALEZA,55000,EUDES BRINGEL,ENGENHEIRO LUCIANO CAVALCANTE,51,"0,42",ELEITO
2024,1,FORTALEZA,50555,GABRIEL BIOLOGIA,ENGENHEIRO LUCIANO CAVALCANTE,765,"2,49",ELEITO
2024,1,FORTALEZA,12333,GARDEL ROLIM,ENGENHEIRO LUCIANO CAVALCANTE,151,"0,94",ELEITO
2024,1,FORTALEZA,33024,GERMANO HE MAN,ENGENHEIRO LUCIANO CAVALCANTE,77,"0,76",ELEITO
2024,1,FORTALEZA,22122,INSPETOR ALBERTO,ENGENHEIRO LUCIANO CAVALCANTE,102,"1,29",ELEITO
2024,1,FORTALEZA,11678,IRMÃO LÉO,ENGENHEIRO LUCIANO CAVALCANTE,4,"0,08",ELEITO
2024,1,FORTALEZA,12111,JÂNIO HENRIQUE,ENGENHEIRO LUCIANO CAVALCANTE,39,"0,36",ELEITO
2024,1,FORTALEZA,40789,JOHN MONTEIRO,ENGENHEIRO LUCIANO CAVALCANTE,25,"0,59",SUPLENTE
2024,1,FORTALEZA,45000,JORGE PINHEIRO,ENGENHEIRO LUCIANO CAVALCANTE,296,"2,61",ELEITO
2024,1,FORTALEZA,22123,JULIERME SENA,ENGENHEIRO LUCIANO CAVALCANTE,157,"1,51",ELEITO
2024,1,FORTALEZA,13321,JULIO BRIZZI,ENGENHEIRO LUCIANO CAVALCANTE,155,2,ELEITO
2024,1,FORTALEZA,12123,KÁTIA RODRIGUES,ENGENHEIRO LUCIANO CAVALCANTE,115,"0,96",ELEITO
2024,1,FORTALEZA,40123,LEO COUTO,ENGENHEIRO LUCIANO CAVALCANTE,51,"0,57",ELEITO
2024,1,FORTALEZA,36789,LUIZ PAUPINA,ENGENHEIRO LUCIANO CAVALCANTE,19,"0,31",ELEITO
2024,1,FORTALEZA,12000,MARCEL COLARES,ENGENHEIRO LUCIANO CAVALCANTE,149,"0,98",ELEITO
2024,1,FORTALEZA,22333,MARCELO MENDES,ENGENHEIRO LUCIANO CAVALCANTE,207,"2,88",ELEITO
2024,1,FORTALEZA,70200,MARCELO TCHELA,ENGENHEIRO LUCIANO CAVALCANTE,57,"0,86",SUPLENTE
2024,1,FORTALEZA,44444,MÁRCIO MARTINS,ENGENHEIRO LUCIANO CAVALCANTE,57,"0,47",ELEITO
2024,1,FORTALEZA,11111,MARCOS PAULO,ENGENHEIRO LUCIANO CAVALCANTE,9,"0,18",ELEITO
2024,1,FORTALEZA,13131,MARI LACERDA,ENGENHEIRO LUCIANO CAVALCANTE,130,"1,62",ELEITO
2024,1,FORTALEZA,25555,MICHEL LINS,ENGENHEIRO LUCIANO CAVALCANTE,57,"0,6",ELEITO
2024,1,FORTALEZA,25777,NILO DANTAS,ENGENHEIRO LUCIANO CAVALCANTE,15,"0,24",SUPLENTE
2024,1,FORTALEZA,12444,PAULO MARTINS,ENGENHEIRO LUCIANO CAVALCANTE,676,"5,23",ELEITO
2024,1,FORTALEZA,70222,PEDRO MATOS,ENGENHEIRO LUCIANO CAVALCANTE,140,"1,58",ELEITO
2024,1,FORTALEZA,12800,PPCELL,ENGENHEIRO LUCIANO CAVALCANTE,66,"0,6",ELEITO
2024,1,FORTALEZA,22222,PRISCILA COSTA,ENGENHEIRO LUCIANO CAVALCANTE,769,"2,12",ELEITO
2024,1,FORTALEZA,25123,PROFESSOR AGUIAR TOBA,ENGENHEIRO LUCIANO CAVALCANTE,13,"0,19",ELEITO
2024,1,FORTALEZA,23456,PROFESSOR ENILSON,ENGENHEIRO LUCIANO CAVALCANTE,23,"0,23",ELEITO
2024,1,FORTALEZA,12999,RAIMUNDO FILHO,ENGENHEIRO LUCIANO CAVALCANTE,34,"0,33",SUPLENTE
2024,1,FORTALEZA,44777,RENE PESSOA,ENGENHEIRO LUCIANO CAVALCANTE,112,"1,88",SUPLENTE
2024,1,FORTALEZA,10123,RONALDO MARTINS,ENGENHEIRO LUCIANO CAVALCANTE,249,"1,23",ELEITO
2024,1,FORTALEZA,44190,SOLDADO NOELIO,ENGENHEIRO LUCIANO CAVALCANTE,43,"0,63",ELEITO
2024,1,FORTALEZA,55555,TIA FRANCISCA,ENGENHEIRO LUCIANO CAVALCANTE,21,"0,3",SUPLENTE
2024,1,FORTALEZA,55777,TONY BRITO,ENGENHEIRO LUCIANO CAVALCANTE,91,"0,75",SUPLENTE
2024,1,FORTALEZA,20000,WELLINGTON SABÓIA,ENGENHEIRO LUCIANO CAVALCANTE,86,"0,78",ELEITO
2024,1,FORTALEZA,12777,ADAIL JR.,FARIAS BRITO,24,"0,17",ELEITO
2024,1,FORTALEZA,50777,ADRIANA GERÔNIMO,FARIAS BRITO,33,"0,36",ELEITO
2024,1,FORTALEZA,13120,AGLAYLSON,FARIAS BRITO,23,"0,24",ELEITO
2024,1,FORTALEZA,70123,ANA ARACAPÉ,FARIAS BRITO,10,"0,1",ELEITO
2024,1,FORTALEZA,55011,APOLLO VICZ,FARIAS BRITO,71,"0,56",ELEITO
2024,1,FORTALEZA,40000,BÁ,FARIAS BRITO,6,"0,08",ELEITO
2024,1,FORTALEZA,22022,BELLA CARMELO,FARIAS BRITO,91,"0,32",ELEITO
2024,1,FORTALEZA,10456,BENIGNO JUNIOR,FARIAS BRITO,30,"0,36",ELEITO
2024,1,FORTALEZA,55789,BRUNO MESQUITA,FARIAS BRITO,127,"0,9",ELEITO
2024,1,FORTALEZA,27123,CARLA DO ACILON,FARIAS BRITO,10,"0,11",ELEITO
2024,1,FORTALEZA,25456,CHIQUINHO DOS CARNEIROS,FARIAS BRITO,2,"0,02",ELEITO
2024,1,FORTALEZA,70369,CLAUDIO LIMA,FARIAS BRITO,3,"0,04",SUPLENTE
2024,1,FORTALEZA,55300,CÔNSUL DO POVO,FARIAS BRITO,4,"0,08",SUPLENTE
2024,1,FORTALEZA,20012,DAYANE COSTA,FARIAS BRITO,5,"0,1",SUPLENTE
2024,1,FORTALEZA,13123,DR VICENTE,FARIAS BRITO,97,"1,28",SUPLENTE
2024,1,FORTALEZA,12500,DR. LUCIANO GIRÃO,FARIAS BRITO,11,"0,1",ELEITO
2024,1,FORTALEZA,27999,DUMMAR,FARIAS BRITO,4,"0,12",SUPLENTE
2024,1,FORTALEZA,70111,EMANUEL ACRIZIO,FARIAS BRITO,42,"0,26",ELEITO
2024,1,FORTALEZA,55111,ERICH DOUGLAS,FARIAS BRITO,64,"0,48",ELEITO
2024,1,FORTALEZA,55000,EUDES BRINGEL,FARIAS BRITO,22,"0,18",ELEITO
2024,1,FORTALEZA,50555,GABRIEL BIOLOGIA,FARIAS BRITO,129,"0,42",ELEITO
2024,1,FORTALEZA,12333,GARDEL ROLIM,FARIAS BRITO,24,"0,15",ELEITO
2024,1,FORTALEZA,33024,GERMANO HE MAN,FARIAS BRITO,1,"0,01",ELEITO
2024,1,FORTALEZA,22122,INSPETOR ALBERTO,FARIAS BRITO,22,"0,28",ELEITO
2024,1,FORTALEZA,11678,IRMÃO LÉO,FARIAS BRITO,1,"0,02",ELEITO
2024,1,FORTALEZA,12111,JÂNIO HENRIQUE,FARIAS BRITO,7,"0,06",ELEITO
2024,1,FORTALEZA,40789,JOHN MONTEIRO,FARIAS BRITO,2,"0,05",SUPLENTE
2024,1,FORTALEZA,45000,JORGE PINHEIRO,FARIAS BRITO,52,"0,46",ELEITO
2024,1,FORTALEZA,22123,JULIERME SENA,FARIAS BRITO,47,"0,45",ELEITO
2024,1,FORTALEZA,13321,JULIO BRIZZI,FARIAS BRITO,33,"0,42",ELEITO
2024,1,FORTALEZA,12123,KÁTIA RODRIGUES,FARIAS BRITO,20,"0,17",ELEITO
2024,1,FORTALEZA,40123,LEO COUTO,FARIAS BRITO,12,"0,13",ELEITO
2024,1,FORTALEZA,36789,LUIZ PAUPINA,FARIAS BRITO,1,"0,02",ELEITO
2024,1,FORTALEZA,12000,MARCEL COLARES,FARIAS BRITO,11,"0,07",ELEITO
2024,1,FORTALEZA,22333,MARCELO MENDES,FARIAS BRITO,20,"0,28",ELEITO
2024,1,FORTALEZA,70200,MARCELO TCHELA,FARIAS BRITO,18,"0,27",SUPLENTE
2024,1,FORTALEZA,44444,MÁRCIO MARTINS,FARIAS BRITO,33,"0,27",ELEITO
2024,1,FORTALEZA,11111,MARCOS PAULO,FARIAS BRITO,2,"0,04",ELEITO
2024,1,FORTALEZA,13131,MARI LACERDA,FARIAS BRITO,26,"0,32",ELEITO
2024,1,FORTALEZA,25555,MICHEL LINS,FARIAS BRITO,377,"3,94",ELEITO
2024,1,FORTALEZA,25777,NILO DANTAS,FARIAS BRITO,5,"0,08",SUPLENTE
2024,1,FORTALEZA,12444,PAULO MARTINS,FARIAS BRITO,29,"0,22",ELEITO
2024,1,FORTALEZA,70222,PEDRO MATOS,FARIAS BRITO,28,"0,32",ELEITO
2024,1,FORTALEZA,12800,PPCELL,FARIAS BRITO,13,"0,12",ELEITO
2024,1,FORTALEZA,22222,PRISCILA COSTA,FARIAS BRITO,93,"0,26",ELEITO
2024,1,FORTALEZA,25123,PROFESSOR AGUIAR TOBA,FARIAS BRITO,8,"0,11",ELEITO
2024,1,FORTALEZA,23456,PROFESSOR ENILSON,FARIAS BRITO,62,"0,61",ELEITO
2024,1,FORTALEZA,12999,RAIMUNDO FILHO,FARIAS BRITO,12,"0,12",SUPLENTE
2024,1,FORTALEZA,44777,RENE PESSOA,FARIAS BRITO,14,"0,23",SUPLENTE
2024,1,FORTALEZA,10123,RONALDO MARTINS,FARIAS BRITO,76,"0,37",ELEITO
2024,1,FORTALEZA,44190,SOLDADO NOELIO,FARIAS BRITO,25,"0,36",ELEITO
2024,1,FORTALEZA,55555,TIA FRANCISCA,FARIAS BRITO,5,"0,07",SUPLENTE
2024,1,FORTALEZA,55777,TONY BRITO,FARIAS BRITO,46,"0,38",SUPLENTE
2024,1,FORTALEZA,20000,WELLINGTON SABÓIA,FARIAS BRITO,38,"0,35",ELEITO
2024,1,FORTALEZA,12777,ADAIL JR.,Fatima,59,"0,41",ELEITO
2024,1,FORTALEZA,50777,ADRIANA GERÔNIMO,Fatima,253,"2,78",ELEITO
2024,1,FORTALEZA,13120,AGLAYLSON,Fatima,54,"0,56",ELEITO
2024,1,FORTALEZA,70123,ANA ARACAPÉ,Fatima,38,"0,37",ELEITO
2024,1,FORTALEZA,55011,APOLLO VICZ,Fatima,145,"1,14",ELEITO
2024,1,FORTALEZA,40000,BÁ,Fatima,32,"0,43",ELEITO
2024,1,FORTALEZA,22022,BELLA CARMELO,Fatima,488,"1,73",ELEITO
2024,1,FORTALEZA,10456,BENIGNO JUNIOR,Fatima,343,"4,11",ELEITO
2024,1,FORTALEZA,55789,BRUNO MESQUITA,Fatima,41,"0,29",ELEITO
2024,1,FORTALEZA,27123,CARLA DO ACILON,Fatima,43,"0,46",ELEITO
2024,1,FORTALEZA,25456,CHIQUINHO DOS CARNEIROS,Fatima,17,"0,18",ELEITO
2024,1,FORTALEZA,70369,CLAUDIO LIMA,Fatima,5,"0,06",SUPLENTE
2024,1,FORTALEZA,55300,CÔNSUL DO POVO,Fatima,20,"0,38",SUPLENTE
2024,1,FORTALEZA,20012,DAYANE COSTA,Fatima,9,"0,19",SUPLENTE
2024,1,FORTALEZA,13123,DR VICENTE,Fatima,150,"1,98",SUPLENTE
2024,1,FORTALEZA,12500,DR. LUCIANO GIRÃO,Fatima,76,"0,66",ELEITO
2024,1,FORTALEZA,27999,DUMMAR,Fatima,19,"0,58",SUPLENTE
2024,1,FORTALEZA,70111,EMANUEL ACRIZIO,Fatima,33,"0,21",ELEITO
2024,1,FORTALEZA,55111,ERICH DOUGLAS,Fatima,146,"1,1",ELEITO
2024,1,FORTALEZA,55000,EUDES BRINGEL,Fatima,83,"0,68",ELEITO
2024,1,FORTALEZA,50555,GABRIEL BIOLOGIA,Fatima,924,"3,01",ELEITO
2024,1,FORTALEZA,12333,GARDEL ROLIM,Fatima,80,"0,5",ELEITO
2024,1,FORTALEZA,33024,GERMANO HE MAN,Fatima,422,"4,15",ELEITO
2024,1,FORTALEZA,22122,INSPETOR ALBERTO,Fatima,72,"0,91",ELEITO
2024,1,FORTALEZA,11678,IRMÃO LÉO,Fatima,7,"0,13",ELEITO
2024,1,FORTALEZA,12111,JÂNIO HENRIQUE,Fatima,26,"0,24",ELEITO
2024,1,FORTALEZA,40789,JOHN MONTEIRO,Fatima,7,"0,17",SUPLENTE
2024,1,FORTALEZA,45000,JORGE PINHEIRO,Fatima,330,"2,91",ELEITO
2024,1,FORTALEZA,22123,JULIERME SENA,Fatima,85,"0,82",ELEITO
2024,1,FORTALEZA,13321,JULIO BRIZZI,Fatima,120,"1,54",ELEITO
2024,1,FORTALEZA,12123,KÁTIA RODRIGUES,Fatima,30,"0,25",ELEITO
2024,1,FORTALEZA,40123,LEO COUTO,Fatima,32,"0,36",ELEITO
2024,1,FORTALEZA,36789,LUIZ PAUPINA,Fatima,22,"0,36",ELEITO
2024,1,FORTALEZA,12000,MARCEL COLARES,Fatima,74,"0,48",ELEITO
2024,1,FORTALEZA,22333,MARCELO MENDES,Fatima,133,"1,85",ELEITO
2024,1,FORTALEZA,70200,MARCELO TCHELA,Fatima,44,"0,66",SUPLENTE
2024,1,FORTALEZA,44444,MÁRCIO MARTINS,Fatima,100,"0,83",ELEITO
2024,1,FORTALEZA,11111,MARCOS PAULO,Fatima,5,"0,1",ELEITO
2024,1,FORTALEZA,13131,MARI LACERDA,Fatima,106,"1,32",ELEITO
2024,1,FORTALEZA,25555,MICHEL LINS,Fatima,35,"0,37",ELEITO
2024,1,FORTALEZA,25777,NILO DANTAS,Fatima,7,"0,11",SUPLENTE
2024,1,FORTALEZA,12444,PAULO MARTINS,Fatima,99,"0,77",ELEITO
2024,1,FORTALEZA,70222,PEDRO MATOS,Fatima,90,"1,01",ELEITO
2024,1,FORTALEZA,12800,PPCELL,Fatima,22,"0,2",ELEITO
2024,1,FORTALEZA,22222,PRISCILA COSTA,Fatima,349,"0,96",ELEITO
2024,1,FORTALEZA,25123,PROFESSOR AGUIAR TOBA,Fatima,11,"0,16",ELEITO
2024,1,FORTALEZA,23456,PROFESSOR ENILSON,Fatima,34,"0,33",ELEITO
2024,1,FORTALEZA,12999,RAIMUNDO FILHO,Fatima,42,"0,41",SUPLENTE
2024,1,FORTALEZA,44777,RENE PESSOA,Fatima,51,"0,85",SUPLENTE
2024,1,FORTALEZA,10123,RONALDO MARTINS,Fatima,49,"0,24",ELEITO
2024,1,FORTALEZA,44190,SOLDADO NOELIO,Fatima,37,"0,54",ELEITO
2024,1,FORTALEZA,55555,TIA FRANCISCA,Fatima,13,"0,19",SUPLENTE
2024,1,FORTALEZA,55777,TONY BRITO,Fatima,137,"1,13",SUPLENTE
2024,1,FORTALEZA,20000,WELLINGTON SABÓIA,Fatima,64,"0,58",ELEITO
2024,1,FORTALEZA,12777,ADAIL JR.,FLORESTA,65,"0,46",ELEITO
2024,1,FORTALEZA,50777,ADRIANA GERÔNIMO,FLORESTA,19,"0,21",ELEITO
2024,1,FORTALEZA,13120,AGLAYLSON,FLORESTA,38,"0,4",ELEITO
2024,1,FORTALEZA,70123,ANA ARACAPÉ,FLORESTA,14,"0,14",ELEITO
2024,1,FORTALEZA,55011,APOLLO VICZ,FLORESTA,44,"0,34",ELEITO
2024,1,FORTALEZA,40000,BÁ,FLORESTA,4,"0,05",ELEITO
2024,1,FORTALEZA,22022,BELLA CARMELO,FLORESTA,79,"0,28",ELEITO
2024,1,FORTALEZA,10456,BENIGNO JUNIOR,FLORESTA,5,"0,06",ELEITO
2024,1,FORTALEZA,55789,BRUNO MESQUITA,FLORESTA,10,"0,07",ELEITO
2024,1,FORTALEZA,27123,CARLA DO ACILON,FLORESTA,11,"0,12",ELEITO
2024,1,FORTALEZA,25456,CHIQUINHO DOS CARNEIROS,FLORESTA,6,"0,06",ELEITO
2024,1,FORTALEZA,70369,CLAUDIO LIMA,FLORESTA,41,"0,52",SUPLENTE
2024,1,FORTALEZA,55300,CÔNSUL DO POVO,FLORESTA,10,"0,19",SUPLENTE
2024,1,FORTALEZA,20012,DAYANE COSTA,FLORESTA,1,"0,02",SUPLENTE
2024,1,FORTALEZA,13123,DR VICENTE,FLORESTA,18,"0,24",SUPLENTE
2024,1,FORTALEZA,12500,DR. LUCIANO GIRÃO,FLORESTA,43,"0,37",ELEITO
2024,1,FORTALEZA,27999,DUMMAR,FLORESTA,5,"0,15",SUPLENTE
2024,1,FORTALEZA,70111,EMANUEL ACRIZIO,FLORESTA,37,"0,23",ELEITO
2024,1,FORTALEZA,55111,ERICH DOUGLAS,FLORESTA,44,"0,33",ELEITO
2024,1,FORTALEZA,55000,EUDES BRINGEL,FLORESTA,11,"0,09",ELEITO
2024,1,FORTALEZA,50555,GABRIEL BIOLOGIA,FLORESTA,53,"0,17",ELEITO
2024,1,FORTALEZA,12333,GARDEL ROLIM,FLORESTA,18,"0,11",ELEITO
2024,1,FORTALEZA,33024,GERMANO HE MAN,FLORESTA,4,"0,04",ELEITO
2024,1,FORTALEZA,22122,INSPETOR ALBERTO,FLORESTA,25,"0,32",ELEITO
2024,1,FORTALEZA,11678,IRMÃO LÉO,FLORESTA,11,"0,21",ELEITO
2024,1,FORTALEZA,12111,JÂNIO HENRIQUE,FLORESTA,8,"0,07",ELEITO
2024,1,FORTALEZA,40789,JOHN MONTEIRO,FLORESTA,3,"0,07",SUPLENTE
2024,1,FORTALEZA,45000,JORGE PINHEIRO,FLORESTA,22,"0,19",ELEITO
2024,1,FORTALEZA,22123,JULIERME SENA,FLORESTA,56,"0,54",ELEITO
2024,1,FORTALEZA,13321,JULIO BRIZZI,FLORESTA,24,"0,31",ELEITO
2024,1,FORTALEZA,12123,KÁTIA RODRIGUES,FLORESTA,362,"3,03",ELEITO
2024,1,FORTALEZA,40123,LEO COUTO,FLORESTA,19,"0,21",ELEITO
2024,1,FORTALEZA,36789,LUIZ PAUPINA,FLORESTA,4,"0,07",ELEITO
2024,1,FORTALEZA,12000,MARCEL COLARES,FLORESTA,5,"0,03",ELEITO
2024,1,FORTALEZA,22333,MARCELO MENDES,FLORESTA,11,"0,15",ELEITO
2024,1,FORTALEZA,70200,MARCELO TCHELA,FLORESTA,10,"0,15",SUPLENTE
2024,1,FORTALEZA,44444,MÁRCIO MARTINS,FLORESTA,16,"0,13",ELEITO
2024,1,FORTALEZA,11111,MARCOS PAULO,FLORESTA,1,"0,02",ELEITO
2024,1,FORTALEZA,13131,MARI LACERDA,FLORESTA,19,"0,24",ELEITO
2024,1,FORTALEZA,25555,MICHEL LINS,FLORESTA,47,"0,49",ELEITO
2024,1,FORTALEZA,25777,NILO DANTAS,FLORESTA,19,"0,3",SUPLENTE
2024,1,FORTALEZA,12444,PAULO MARTINS,FLORESTA,24,"0,19",ELEITO
2024,1,FORTALEZA,70222,PEDRO MATOS,FLORESTA,12,"0,14",ELEITO
2024,1,FORTALEZA,12800,PPCELL,FLORESTA,16,"0,15",ELEITO
2024,1,FORTALEZA,22222,PRISCILA COSTA,FLORESTA,100,"0,28",ELEITO
2024,1,FORTALEZA,25123,PROFESSOR AGUIAR TOBA,FLORESTA,5,"0,07",ELEITO
2024,1,FORTALEZA,23456,PROFESSOR ENILSON,FLORESTA,28,"0,28",ELEITO
2024,1,FORTALEZA,12999,RAIMUNDO FILHO,FLORESTA,13,"0,13",SUPLENTE
2024,1,FORTALEZA,44777,RENE PESSOA,FLORESTA,30,"0,5",SUPLENTE
2024,1,FORTALEZA,10123,RONALDO MARTINS,FLORESTA,86,"0,42",ELEITO
2024,1,FORTALEZA,44190,SOLDADO NOELIO,FLORESTA,29,"0,42",ELEITO
2024,1,FORTALEZA,55555,TIA FRANCISCA,FLORESTA,3,"0,04",SUPLENTE
2024,1,FORTALEZA,55777,TONY BRITO,FLORESTA,23,"0,19",SUPLENTE
2024,1,FORTALEZA,20000,WELLINGTON SABÓIA,FLORESTA,55,"0,5",ELEITO
2024,1,FORTALEZA,12777,ADAIL JR.,GENIBAÚ,402,"2,82",ELEITO
2024,1,FORTALEZA,50777,ADRIANA GERÔNIMO,GENIBAÚ,13,"0,14",ELEITO
2024,1,FORTALEZA,13120,AGLAYLSON,GENIBAÚ,61,"0,64",ELEITO
2024,1,FORTALEZA,70123,ANA ARACAPÉ,GENIBAÚ,43,"0,42",ELEITO
2024,1,FORTALEZA,55011,APOLLO VICZ,GENIBAÚ,47,"0,37",ELEITO
2024,1,FORTALEZA,40000,BÁ,GENIBAÚ,46,"0,61",ELEITO
2024,1,FORTALEZA,22022,BELLA CARMELO,GENIBAÚ,121,"0,43",ELEITO
2024,1,FORTALEZA,10456,BENIGNO JUNIOR,GENIBAÚ,15,"0,18",ELEITO
2024,1,FORTALEZA,55789,BRUNO MESQUITA,GENIBAÚ,94,"0,66",ELEITO
2024,1,FORTALEZA,27123,CARLA DO ACILON,GENIBAÚ,52,"0,55",ELEITO
2024,1,FORTALEZA,25456,CHIQUINHO DOS CARNEIROS,GENIBAÚ,4,"0,04",ELEITO
2024,1,FORTALEZA,70369,CLAUDIO LIMA,GENIBAÚ,8,"0,1",SUPLENTE
2024,1,FORTALEZA,55300,CÔNSUL DO POVO,GENIBAÚ,21,"0,4",SUPLENTE
2024,1,FORTALEZA,20012,DAYANE COSTA,GENIBAÚ,5,"0,1",SUPLENTE
2024,1,FORTALEZA,13123,DR VICENTE,GENIBAÚ,32,"0,42",SUPLENTE
2024,1,FORTALEZA,12500,DR. LUCIANO GIRÃO,GENIBAÚ,131,"1,14",ELEITO
2024,1,FORTALEZA,27999,DUMMAR,GENIBAÚ,25,"0,76",SUPLENTE
2024,1,FORTALEZA,70111,EMANUEL ACRIZIO,GENIBAÚ,300,"1,87",ELEITO
2024,1,FORTALEZA,55111,ERICH DOUGLAS,GENIBAÚ,68,"0,51",ELEITO
2024,1,FORTALEZA,55000,EUDES BRINGEL,GENIBAÚ,442,"3,6",ELEITO
2024,1,FORTALEZA,50555,GABRIEL BIOLOGIA,GENIBAÚ,46,"0,15",ELEITO
2024,1,FORTALEZA,12333,GARDEL ROLIM,GENIBAÚ,142,"0,88",ELEITO
2024,1,FORTALEZA,33024,GERMANO HE MAN,GENIBAÚ,7,"0,07",ELEITO
2024,1,FORTALEZA,22122,INSPETOR ALBERTO,GENIBAÚ,59,"0,75",ELEITO
2024,1,FORTALEZA,11678,IRMÃO LÉO,GENIBAÚ,26,"0,5",ELEITO
2024,1,FORTALEZA,12111,JÂNIO HENRIQUE,GENIBAÚ,32,"0,29",ELEITO
2024,1,FORTALEZA,40789,JOHN MONTEIRO,GENIBAÚ,1,"0,02",SUPLENTE
2024,1,FORTALEZA,45000,JORGE PINHEIRO,GENIBAÚ,19,"0,17",ELEITO
2024,1,FORTALEZA,22123,JULIERME SENA,GENIBAÚ,36,"0,35",ELEITO
2024,1,FORTALEZA,13321,JULIO BRIZZI,GENIBAÚ,56,"0,72",ELEITO
2024,1,FORTALEZA,12123,KÁTIA RODRIGUES,GENIBAÚ,32,"0,27",ELEITO
2024,1,FORTALEZA,40123,LEO COUTO,GENIBAÚ,24,"0,27",ELEITO
2024,1,FORTALEZA,36789,LUIZ PAUPINA,GENIBAÚ,7,"0,12",ELEITO
2024,1,FORTALEZA,12000,MARCEL COLARES,GENIBAÚ,5,"0,03",ELEITO
2024,1,FORTALEZA,22333,MARCELO MENDES,GENIBAÚ,14,"0,19",ELEITO
2024,1,FORTALEZA,70200,MARCELO TCHELA,GENIBAÚ,38,"0,57",SUPLENTE
2024,1,FORTALEZA,44444,MÁRCIO MARTINS,GENIBAÚ,23,"0,19",ELEITO
2024,1,FORTALEZA,11111,MARCOS PAULO,GENIBAÚ,20,"0,4",ELEITO
2024,1,FORTALEZA,13131,MARI LACERDA,GENIBAÚ,27,"0,34",ELEITO
2024,1,FORTALEZA,25555,MICHEL LINS,GENIBAÚ,56,"0,59",ELEITO
2024,1,FORTALEZA,25777,NILO DANTAS,GENIBAÚ,27,"0,43",SUPLENTE
2024,1,FORTALEZA,12444,PAULO MARTINS,GENIBAÚ,28,"0,22",ELEITO
2024,1,FORTALEZA,70222,PEDRO MATOS,GENIBAÚ,27,"0,3",ELEITO
2024,1,FORTALEZA,12800,PPCELL,GENIBAÚ,16,"0,15",ELEITO
2024,1,FORTALEZA,22222,PRISCILA COSTA,GENIBAÚ,231,"0,64",ELEITO
2024,1,FORTALEZA,25123,PROFESSOR AGUIAR TOBA,GENIBAÚ,44,"0,63",ELEITO
2024,1,FORTALEZA,23456,PROFESSOR ENILSON,GENIBAÚ,66,"0,65",ELEITO
2024,1,FORTALEZA,12999,RAIMUNDO FILHO,GENIBAÚ,39,"0,38",SUPLENTE
2024,1,FORTALEZA,44777,RENE PESSOA,GENIBAÚ,9,"0,15",SUPLENTE
2024,1,FORTALEZA,10123,RONALDO MARTINS,GENIBAÚ,343,"1,69",ELEITO
2024,1,FORTALEZA,44190,SOLDADO NOELIO,GENIBAÚ,48,"0,7",ELEITO
2024,1,FORTALEZA,55555,TIA FRANCISCA,GENIBAÚ,17,"0,25",SUPLENTE
2024,1,FORTALEZA,55777,TONY BRITO,GENIBAÚ,260,"2,14",SUPLENTE
2024,1,FORTALEZA,20000,WELLINGTON SABÓIA,GENIBAÚ,49,"0,44",ELEITO
2024,1,FORTALEZA,12777,ADAIL JR.,GRANJA LISBOA,62,"0,43",ELEITO
2024,1,FORTALEZA,50777,ADRIANA GERÔNIMO,GRANJA LISBOA,64,"0,7",ELEITO
2024,1,FORTALEZA,13120,AGLAYLSON,GRANJA LISBOA,274,"2,85",ELEITO
2024,1,FORTALEZA,70123,ANA ARACAPÉ,GRANJA LISBOA,55,"0,53",ELEITO
2024,1,FORTALEZA,55011,APOLLO VICZ,GRANJA LISBOA,197,"1,54",ELEITO
2024,1,FORTALEZA,40000,BÁ,GRANJA LISBOA,50,"0,66",ELEITO
2024,1,FORTALEZA,22022,BELLA CARMELO,GRANJA LISBOA,270,"0,96",ELEITO
2024,1,FORTALEZA,10456,BENIGNO JUNIOR,GRANJA LISBOA,50,"0,6",ELEITO
2024,1,FORTALEZA,55789,BRUNO MESQUITA,GRANJA LISBOA,165,"1,16",ELEITO
2024,1,FORTALEZA,27123,CARLA DO ACILON,GRANJA LISBOA,136,"1,44",ELEITO
2024,1,FORTALEZA,25456,CHIQUINHO DOS CARNEIROS,GRANJA LISBOA,16,"0,17",ELEITO
2024,1,FORTALEZA,70369,CLAUDIO LIMA,GRANJA LISBOA,21,"0,27",SUPLENTE
2024,1,FORTALEZA,55300,CÔNSUL DO POVO,GRANJA LISBOA,53,1,SUPLENTE
2024,1,FORTALEZA,20012,DAYANE COSTA,GRANJA LISBOA,13,"0,27",SUPLENTE
2024,1,FORTALEZA,13123,DR VICENTE,GRANJA LISBOA,50,"0,66",SUPLENTE
2024,1,FORTALEZA,12500,DR. LUCIANO GIRÃO,GRANJA LISBOA,167,"1,45",ELEITO
2024,1,FORTALEZA,27999,DUMMAR,GRANJA LISBOA,6,"0,18",SUPLENTE
2024,1,FORTALEZA,70111,EMANUEL ACRIZIO,GRANJA LISBOA,694,"4,32",ELEITO
2024,1,FORTALEZA,55111,ERICH DOUGLAS,GRANJA LISBOA,186,"1,4",ELEITO
2024,1,FORTALEZA,55000,EUDES BRINGEL,GRANJA LISBOA,63,"0,51",ELEITO
2024,1,FORTALEZA,50555,GABRIEL BIOLOGIA,GRANJA LISBOA,140,"0,46",ELEITO
2024,1,FORTALEZA,12333,GARDEL ROLIM,GRANJA LISBOA,325,"2,02",ELEITO
2024,1,FORTALEZA,33024,GERMANO HE MAN,GRANJA LISBOA,29,"0,29",ELEITO
2024,1,FORTALEZA,22122,INSPETOR ALBERTO,GRANJA LISBOA,91,"1,15",ELEITO
2024,1,FORTALEZA,11678,IRMÃO LÉO,GRANJA LISBOA,57,"1,09",ELEITO
2024,1,FORTALEZA,12111,JÂNIO HENRIQUE,GRANJA LISBOA,171,"1,56",ELEITO
2024,1,FORTALEZA,40789,JOHN MONTEIRO,GRANJA LISBOA,1,"0,02",SUPLENTE
2024,1,FORTALEZA,45000,JORGE PINHEIRO,GRANJA LISBOA,79,"0,7",ELEITO
2024,1,FORTALEZA,22123,JULIERME SENA,GRANJA LISBOA,55,"0,53",ELEITO
2024,1,FORTALEZA,13321,JULIO BRIZZI,GRANJA LISBOA,107,"1,38",ELEITO
2024,1,FORTALEZA,12123,KÁTIA RODRIGUES,GRANJA LISBOA,54,"0,45",ELEITO
2024,1,FORTALEZA,40123,LEO COUTO,GRANJA LISBOA,27,"0,3",ELEITO
2024,1,FORTALEZA,36789,LUIZ PAUPINA,GRANJA LISBOA,25,"0,41",ELEITO
2024,1,FORTALEZA,12000,MARCEL COLARES,GRANJA LISBOA,42,"0,28",ELEITO
2024,1,FORTALEZA,22333,MARCELO MENDES,GRANJA LISBOA,58,"0,81",ELEITO
2024,1,FORTALEZA,70200,MARCELO TCHELA,GRANJA LISBOA,80,"1,21",SUPLENTE
2024,1,FORTALEZA,44444,MÁRCIO MARTINS,GRANJA LISBOA,87,"0,72",ELEITO
2024,1,FORTALEZA,11111,MARCOS PAULO,GRANJA LISBOA,14,"0,28",ELEITO
2024,1,FORTALEZA,13131,MARI LACERDA,GRANJA LISBOA,110,"1,37",ELEITO
2024,1,FORTALEZA,25555,MICHEL LINS,GRANJA LISBOA,94,"0,98",ELEITO
2024,1,FORTALEZA,25777,NILO DANTAS,GRANJA LISBOA,681,"10,83",SUPLENTE
2024,1,FORTALEZA,12444,PAULO MARTINS,GRANJA LISBOA,53,"0,41",ELEITO
2024,1,FORTALEZA,70222,PEDRO MATOS,GRANJA LISBOA,74,"0,83",ELEITO
2024,1,FORTALEZA,12800,PPCELL,GRANJA LISBOA,26,"0,24",ELEITO
2024,1,FORTALEZA,22222,PRISCILA COSTA,GRANJA LISBOA,467,"1,29",ELEITO
2024,1,FORTALEZA,25123,PROFESSOR AGUIAR TOBA,GRANJA LISBOA,185,"2,64",ELEITO
2024,1,FORTALEZA,23456,PROFESSOR ENILSON,GRANJA LISBOA,738,"7,27",ELEITO
2024,1,FORTALEZA,12999,RAIMUNDO FILHO,GRANJA LISBOA,62,"0,6",SUPLENTE
2024,1,FORTALEZA,44777,RENE PESSOA,GRANJA LISBOA,61,"1,02",SUPLENTE
2024,1,FORTALEZA,10123,RONALDO MARTINS,GRANJA LISBOA,334,"1,65",ELEITO
2024,1,FORTALEZA,44190,SOLDADO NOELIO,GRANJA LISBOA,84,"1,23",ELEITO
2024,1,FORTALEZA,55555,TIA FRANCISCA,GRANJA LISBOA,195,"2,82",SUPLENTE
2024,1,FORTALEZA,55777,TONY BRITO,GRANJA LISBOA,567,"4,66",SUPLENTE
2024,1,FORTALEZA,20000,WELLINGTON SABÓIA,GRANJA LISBOA,88,"0,8",ELEITO
2024,1,FORTALEZA,12777,ADAIL JR.,GRANJA PORTUGAL,51,"0,36",ELEITO
2024,1,FORTALEZA,50777,ADRIANA GERÔNIMO,GRANJA PORTUGAL,37,"0,41",ELEITO
2024,1,FORTALEZA,13120,AGLAYLSON,GRANJA PORTUGAL,376,"3,92",ELEITO
2024,1,FORTALEZA,70123,ANA ARACAPÉ,GRANJA PORTUGAL,82,"0,79",ELEITO
2024,1,FORTALEZA,55011,APOLLO VICZ,GRANJA PORTUGAL,208,"1,63",ELEITO
2024,1,FORTALEZA,40000,BÁ,GRANJA PORTUGAL,51,"0,68",ELEITO
2024,1,FORTALEZA,22022,BELLA CARMELO,GRANJA PORTUGAL,242,"0,86",ELEITO
2024,1,FORTALEZA,10456,BENIGNO JUNIOR,GRANJA PORTUGAL,46,"0,55",ELEITO
2024,1,FORTALEZA,55789,BRUNO MESQUITA,GRANJA PORTUGAL,201,"1,42",ELEITO
2024,1,FORTALEZA,27123,CARLA DO ACILON,GRANJA PORTUGAL,305,"3,24",ELEITO
2024,1,FORTALEZA,25456,CHIQUINHO DOS CARNEIROS,GRANJA PORTUGAL,21,"0,22",ELEITO
2024,1,FORTALEZA,70369,CLAUDIO LIMA,GRANJA PORTUGAL,29,"0,37",SUPLENTE
2024,1,FORTALEZA,55300,CÔNSUL DO POVO,GRANJA PORTUGAL,53,1,SUPLENTE
2024,1,FORTALEZA,20012,DAYANE COSTA,GRANJA PORTUGAL,8,"0,17",SUPLENTE
2024,1,FORTALEZA,13123,DR VICENTE,GRANJA PORTUGAL,69,"0,91",SUPLENTE
2024,1,FORTALEZA,12500,DR. LUCIANO GIRÃO,GRANJA PORTUGAL,133,"1,15",ELEITO
2024,1,FORTALEZA,27999,DUMMAR,GRANJA PORTUGAL,17,"0,51",SUPLENTE
2024,1,FORTALEZA,70111,EMANUEL ACRIZIO,GRANJA PORTUGAL,918,"5,71",ELEITO
2024,1,FORTALEZA,55111,ERICH DOUGLAS,GRANJA PORTUGAL,146,"1,1",ELEITO
2024,1,FORTALEZA,55000,EUDES BRINGEL,GRANJA PORTUGAL,74,"0,6",ELEITO
2024,1,FORTALEZA,50555,GABRIEL BIOLOGIA,GRANJA PORTUGAL,122,"0,4",ELEITO
2024,1,FORTALEZA,12333,GARDEL ROLIM,GRANJA PORTUGAL,340,"2,12",ELEITO
2024,1,FORTALEZA,33024,GERMANO HE MAN,GRANJA PORTUGAL,32,"0,31",ELEITO
2024,1,FORTALEZA,22122,INSPETOR ALBERTO,GRANJA PORTUGAL,110,"1,39",ELEITO
2024,1,FORTALEZA,11678,IRMÃO LÉO,GRANJA PORTUGAL,48,"0,92",ELEITO
2024,1,FORTALEZA,12111,JÂNIO HENRIQUE,GRANJA PORTUGAL,78,"0,71",ELEITO
2024,1,FORTALEZA,40789,JOHN MONTEIRO,GRANJA PORTUGAL,7,"0,17",SUPLENTE
2024,1,FORTALEZA,45000,JORGE PINHEIRO,GRANJA PORTUGAL,46,"0,41",ELEITO
2024,1,FORTALEZA,22123,JULIERME SENA,GRANJA PORTUGAL,412,"3,96",ELEITO
2024,1,FORTALEZA,13321,JULIO BRIZZI,GRANJA PORTUGAL,62,"0,8",ELEITO
2024,1,FORTALEZA,12123,KÁTIA RODRIGUES,GRANJA PORTUGAL,120,1,ELEITO
2024,1,FORTALEZA,40123,LEO COUTO,GRANJA PORTUGAL,140,"1,56",ELEITO
2024,1,FORTALEZA,36789,LUIZ PAUPINA,GRANJA PORTUGAL,24,"0,4",ELEITO
2024,1,FORTALEZA,12000,MARCEL COLARES,GRANJA PORTUGAL,14,"0,09",ELEITO
2024,1,FORTALEZA,22333,MARCELO MENDES,GRANJA PORTUGAL,125,"1,74",ELEITO
2024,1,FORTALEZA,70200,MARCELO TCHELA,GRANJA PORTUGAL,78,"1,18",SUPLENTE
2024,1,FORTALEZA,44444,MÁRCIO MARTINS,GRANJA PORTUGAL,76,"0,63",ELEITO
2024,1,FORTALEZA,11111,MARCOS PAULO,GRANJA PORTUGAL,7,"0,14",ELEITO
2024,1,FORTALEZA,13131,MARI LACERDA,GRANJA PORTUGAL,81,"1,01",ELEITO
2024,1,FORTALEZA,25555,MICHEL LINS,GRANJA PORTUGAL,203,"2,12",ELEITO
2024,1,FORTALEZA,25777,NILO DANTAS,GRANJA PORTUGAL,831,"13,21",SUPLENTE
2024,1,FORTALEZA,12444,PAULO MARTINS,GRANJA PORTUGAL,64,"0,49",ELEITO
2024,1,FORTALEZA,70222,PEDRO MATOS,GRANJA PORTUGAL,69,"0,78",ELEITO
2024,1,FORTALEZA,12800,PPCELL,GRANJA PORTUGAL,47,"0,43",ELEITO
2024,1,FORTALEZA,22222,PRISCILA COSTA,GRANJA PORTUGAL,698,"1,93",ELEITO
2024,1,FORTALEZA,25123,PROFESSOR AGUIAR TOBA,GRANJA PORTUGAL,288,"4,11",ELEITO
2024,1,FORTALEZA,23456,PROFESSOR ENILSON,GRANJA PORTUGAL,513,"5,05",ELEITO
2024,1,FORTALEZA,12999,RAIMUNDO FILHO,GRANJA PORTUGAL,165,"1,61",SUPLENTE
2024,1,FORTALEZA,44777,RENE PESSOA,GRANJA PORTUGAL,27,"0,45",SUPLENTE
2024,1,FORTALEZA,10123,RONALDO MARTINS,GRANJA PORTUGAL,358,"1,76",ELEITO
2024,1,FORTALEZA,44190,SOLDADO NOELIO,GRANJA PORTUGAL,100,"1,46",ELEITO
2024,1,FORTALEZA,55555,TIA FRANCISCA,GRANJA PORTUGAL,93,"1,34",SUPLENTE
2024,1,FORTALEZA,55777,TONY BRITO,GRANJA PORTUGAL,407,"3,34",SUPLENTE
2024,1,FORTALEZA,20000,WELLINGTON SABÓIA,GRANJA PORTUGAL,94,"0,85",ELEITO
2024,1,FORTALEZA,12777,ADAIL JR.,Guajiru,6,"0,04",ELEITO
2024,1,FORTALEZA,50777,ADRIANA GERÔNIMO,Guajiru,19,"0,21",ELEITO
2024,1,FORTALEZA,13120,AGLAYLSON,Guajiru,34,"0,35",ELEITO
2024,1,FORTALEZA,70123,ANA ARACAPÉ,Guajiru,9,"0,09",ELEITO
2024,1,FORTALEZA,55011,APOLLO VICZ,Guajiru,56,"0,44",ELEITO
2024,1,FORTALEZA,40000,BÁ,Guajiru,2,"0,03",ELEITO
2024,1,FORTALEZA,22022,BELLA CARMELO,Guajiru,77,"0,27",ELEITO
2024,1,FORTALEZA,10456,BENIGNO JUNIOR,Guajiru,15,"0,18",ELEITO
2024,1,FORTALEZA,55789,BRUNO MESQUITA,Guajiru,39,"0,27",ELEITO
2024,1,FORTALEZA,27123,CARLA DO ACILON,Guajiru,140,"1,49",ELEITO
2024,1,FORTALEZA,25456,CHIQUINHO DOS CARNEIROS,Guajiru,13,"0,14",ELEITO
2024,1,FORTALEZA,70369,CLAUDIO LIMA,Guajiru,6,"0,08",SUPLENTE
2024,1,FORTALEZA,55300,CÔNSUL DO POVO,Guajiru,43,"0,81",SUPLENTE
2024,1,FORTALEZA,20012,DAYANE COSTA,Guajiru,3,"0,06",SUPLENTE
2024,1,FORTALEZA,13123,DR VICENTE,Guajiru,17,"0,22",SUPLENTE
2024,1,FORTALEZA,12500,DR. LUCIANO GIRÃO,Guajiru,41,"0,36",ELEITO
2024,1,FORTALEZA,27999,DUMMAR,Guajiru,4,"0,12",SUPLENTE
2024,1,FORTALEZA,70111,EMANUEL ACRIZIO,Guajiru,67,"0,42",ELEITO
2024,1,FORTALEZA,55111,ERICH DOUGLAS,Guajiru,43,"0,32",ELEITO
2024,1,FORTALEZA,55000,EUDES BRINGEL,Guajiru,10,"0,08",ELEITO
2024,1,FORTALEZA,50555,GABRIEL BIOLOGIA,Guajiru,69,"0,22",ELEITO
2024,1,FORTALEZA,12333,GARDEL ROLIM,Guajiru,46,"0,29",ELEITO
2024,1,FORTALEZA,33024,GERMANO HE MAN,Guajiru,5,"0,05",ELEITO
2024,1,FORTALEZA,22122,INSPETOR ALBERTO,Guajiru,18,"0,23",ELEITO
2024,1,FORTALEZA,11678,IRMÃO LÉO,Guajiru,6,"0,12",ELEITO
2024,1,FORTALEZA,12111,JÂNIO HENRIQUE,Guajiru,7,"0,06",ELEITO
2024,1,FORTALEZA,40789,JOHN MONTEIRO,Guajiru,5,"0,12",SUPLENTE
2024,1,FORTALEZA,45000,JORGE PINHEIRO,Guajiru,21,"0,18",ELEITO
2024,1,FORTALEZA,22123,JULIERME SENA,Guajiru,20,"0,19",ELEITO
2024,1,FORTALEZA,13321,JULIO BRIZZI,Guajiru,19,"0,24",ELEITO
2024,1,FORTALEZA,12123,KÁTIA RODRIGUES,Guajiru,5,"0,04",ELEITO
2024,1,FORTALEZA,40123,LEO COUTO,Guajiru,13,"0,14",ELEITO
2024,1,FORTALEZA,36789,LUIZ PAUPINA,Guajiru,122,"2,02",ELEITO
2024,1,FORTALEZA,12000,MARCEL COLARES,Guajiru,253,"1,66",ELEITO
2024,1,FORTALEZA,22333,MARCELO MENDES,Guajiru,6,"0,08",ELEITO
2024,1,FORTALEZA,70200,MARCELO TCHELA,Guajiru,8,"0,12",SUPLENTE
2024,1,FORTALEZA,44444,MÁRCIO MARTINS,Guajiru,17,"0,14",ELEITO
2024,1,FORTALEZA,11111,MARCOS PAULO,Guajiru,17,"0,34",ELEITO
2024,1,FORTALEZA,13131,MARI LACERDA,Guajiru,16,"0,2",ELEITO
2024,1,FORTALEZA,25555,MICHEL LINS,Guajiru,11,"0,12",ELEITO
2024,1,FORTALEZA,25777,NILO DANTAS,Guajiru,8,"0,13",SUPLENTE
2024,1,FORTALEZA,12444,PAULO MARTINS,Guajiru,17,"0,13",ELEITO
2024,1,FORTALEZA,70222,PEDRO MATOS,Guajiru,13,"0,15",ELEITO
2024,1,FORTALEZA,12800,PPCELL,Guajiru,36,"0,33",ELEITO
2024,1,FORTALEZA,22222,PRISCILA COSTA,Guajiru,101,"0,28",ELEITO
2024,1,FORTALEZA,25123,PROFESSOR AGUIAR TOBA,Guajiru,3,"0,04",ELEITO
2024,1,FORTALEZA,23456,PROFESSOR ENILSON,Guajiru,16,"0,16",ELEITO
2024,1,FORTALEZA,12999,RAIMUNDO FILHO,Guajiru,39,"0,38",SUPLENTE
2024,1,FORTALEZA,44777,RENE PESSOA,Guajiru,53,"0,89",SUPLENTE
2024,1,FORTALEZA,10123,RONALDO MARTINS,Guajiru,125,"0,62",ELEITO
2024,1,FORTALEZA,44190,SOLDADO NOELIO,Guajiru,25,"0,36",ELEITO
2024,1,FORTALEZA,55555,TIA FRANCISCA,Guajiru,1,"0,01",SUPLENTE
2024,1,FORTALEZA,55777,TONY BRITO,Guajiru,11,"0,09",SUPLENTE
2024,1,FORTALEZA,20000,WELLINGTON SABÓIA,Guajiru,6,"0,05",ELEITO
2024,1,FORTALEZA,12777,ADAIL JR.,GUARARAPES,4,"0,03",ELEITO
2024,1,FORTALEZA,50777,ADRIANA GERÔNIMO,GUARARAPES,33,"0,36",ELEITO
2024,1,FORTALEZA,13120,AGLAYLSON,GUARARAPES,2,"0,02",ELEITO
2024,1,FORTALEZA,70123,ANA ARACAPÉ,GUARARAPES,1,"0,01",ELEITO
2024,1,FORTALEZA,55011,APOLLO VICZ,GUARARAPES,30,"0,23",ELEITO
2024,1,FORTALEZA,22022,BELLA CARMELO,GUARARAPES,133,"0,47",ELEITO
2024,1,FORTALEZA,10456,BENIGNO JUNIOR,GUARARAPES,29,"0,35",ELEITO
2024,1,FORTALEZA,55789,BRUNO MESQUITA,GUARARAPES,6,"0,04",ELEITO
2024,1,FORTALEZA,27123,CARLA DO ACILON,GUARARAPES,18,"0,19",ELEITO
2024,1,FORTALEZA,70369,CLAUDIO LIMA,GUARARAPES,3,"0,04",SUPLENTE
2024,1,FORTALEZA,55300,CÔNSUL DO POVO,GUARARAPES,5,"0,09",SUPLENTE
2024,1,FORTALEZA,20012,DAYANE COSTA,GUARARAPES,9,"0,19",SUPLENTE
2024,1,FORTALEZA,13123,DR VICENTE,GUARARAPES,14,"0,18",SUPLENTE
2024,1,FORTALEZA,12500,DR. LUCIANO GIRÃO,GUARARAPES,18,"0,16",ELEITO
2024,1,FORTALEZA,27999,DUMMAR,GUARARAPES,2,"0,06",SUPLENTE
2024,1,FORTALEZA,70111,EMANUEL ACRIZIO,GUARARAPES,4,"0,02",ELEITO
2024,1,FORTALEZA,55111,ERICH DOUGLAS,GUARARAPES,28,"0,21",ELEITO
2024,1,FORTALEZA,55000,EUDES BRINGEL,GUARARAPES,9,"0,07",ELEITO
2024,1,FORTALEZA,50555,GABRIEL BIOLOGIA,GUARARAPES,137,"0,45",ELEITO
2024,1,FORTALEZA,12333,GARDEL ROLIM,GUARARAPES,20,"0,12",ELEITO
2024,1,FORTALEZA,33024,GERMANO HE MAN,GUARARAPES,7,"0,07",ELEITO
2024,1,FORTALEZA,22122,INSPETOR ALBERTO,GUARARAPES,15,"0,19",ELEITO
2024,1,FORTALEZA,12111,JÂNIO HENRIQUE,GUARARAPES,3,"0,03",ELEITO
2024,1,FORTALEZA,40789,JOHN MONTEIRO,GUARARAPES,2,"0,05",SUPLENTE
2024,1,FORTALEZA,45000,JORGE PINHEIRO,GUARARAPES,56,"0,49",ELEITO
2024,1,FORTALEZA,22123,JULIERME SENA,GUARARAPES,12,"0,12",ELEITO
2024,1,FORTALEZA,13321,JULIO BRIZZI,GUARARAPES,32,"0,41",ELEITO
2024,1,FORTALEZA,12123,KÁTIA RODRIGUES,GUARARAPES,8,"0,07",ELEITO
2024,1,FORTALEZA,40123,LEO COUTO,GUARARAPES,8,"0,09",ELEITO
2024,1,FORTALEZA,36789,LUIZ PAUPINA,GUARARAPES,2,"0,03",ELEITO
2024,1,FORTALEZA,12000,MARCEL COLARES,GUARARAPES,13,"0,09",ELEITO
2024,1,FORTALEZA,22333,MARCELO MENDES,GUARARAPES,65,"0,9",ELEITO
2024,1,FORTALEZA,70200,MARCELO TCHELA,GUARARAPES,5,"0,08",SUPLENTE
2024,1,FORTALEZA,44444,MÁRCIO MARTINS,GUARARAPES,13,"0,11",ELEITO
2024,1,FORTALEZA,13131,MARI LACERDA,GUARARAPES,15,"0,19",ELEITO
2024,1,FORTALEZA,25555,MICHEL LINS,GUARARAPES,6,"0,06",ELEITO
2024,1,FORTALEZA,25777,NILO DANTAS,GUARARAPES,1,"0,02",SUPLENTE
2024,1,FORTALEZA,12444,PAULO MARTINS,GUARARAPES,17,"0,13",ELEITO
2024,1,FORTALEZA,70222,PEDRO MATOS,GUARARAPES,34,"0,38",ELEITO
2024,1,FORTALEZA,12800,PPCELL,GUARARAPES,6,"0,05",ELEITO
2024,1,FORTALEZA,22222,PRISCILA COSTA,GUARARAPES,88,"0,24",ELEITO
2024,1,FORTALEZA,25123,PROFESSOR AGUIAR TOBA,GUARARAPES,2,"0,03",ELEITO
2024,1,FORTALEZA,23456,PROFESSOR ENILSON,GUARARAPES,7,"0,07",ELEITO
2024,1,FORTALEZA,12999,RAIMUNDO FILHO,GUARARAPES,4,"0,04",SUPLENTE
2024,1,FORTALEZA,44777,RENE PESSOA,GUARARAPES,27,"0,45",SUPLENTE
2024,1,FORTALEZA,10123,RONALDO MARTINS,GUARARAPES,13,"0,06",ELEITO
2024,1,FORTALEZA,44190,SOLDADO NOELIO,GUARARAPES,3,"0,04",ELEITO
2024,1,FORTALEZA,55777,TONY BRITO,GUARARAPES,11,"0,09",SUPLENTE
2024,1,FORTALEZA,20000,WELLINGTON SABÓIA,GUARARAPES,5,"0,05",ELEITO
2024,1,FORTALEZA,12777,ADAIL JR.,HENRIQUE JORGE,553,"3,88",ELEITO
2024,1,FORTALEZA,50777,ADRIANA GERÔNIMO,HENRIQUE JORGE,89,"0,98",ELEITO
2024,1,FORTALEZA,13120,AGLAYLSON,HENRIQUE JORGE,137,"1,43",ELEITO
2024,1,FORTALEZA,70123,ANA ARACAPÉ,HENRIQUE JORGE,72,"0,7",ELEITO
2024,1,FORTALEZA,55011,APOLLO VICZ,HENRIQUE JORGE,218,"1,71",ELEITO
2024,1,FORTALEZA,40000,BÁ,HENRIQUE JORGE,41,"0,54",ELEITO
2024,1,FORTALEZA,22022,BELLA CARMELO,HENRIQUE JORGE,345,"1,23",ELEITO
2024,1,FORTALEZA,10456,BENIGNO JUNIOR,HENRIQUE JORGE,50,"0,6",ELEITO
2024,1,FORTALEZA,55789,BRUNO MESQUITA,HENRIQUE JORGE,225,"1,59",ELEITO
2024,1,FORTALEZA,27123,CARLA DO ACILON,HENRIQUE JORGE,124,"1,32",ELEITO
2024,1,FORTALEZA,25456,CHIQUINHO DOS CARNEIROS,HENRIQUE JORGE,26,"0,27",ELEITO
2024,1,FORTALEZA,70369,CLAUDIO LIMA,HENRIQUE JORGE,65,"0,83",SUPLENTE
2024,1,FORTALEZA,55300,CÔNSUL DO POVO,HENRIQUE JORGE,50,"0,94",SUPLENTE
2024,1,FORTALEZA,20012,DAYANE COSTA,HENRIQUE JORGE,9,"0,19",SUPLENTE
2024,1,FORTALEZA,13123,DR VICENTE,HENRIQUE JORGE,80,"1,06",SUPLENTE
2024,1,FORTALEZA,12500,DR. LUCIANO GIRÃO,HENRIQUE JORGE,86,"0,75",ELEITO
2024,1,FORTALEZA,27999,DUMMAR,HENRIQUE JORGE,6,"0,18",SUPLENTE
2024,1,FORTALEZA,70111,EMANUEL ACRIZIO,HENRIQUE JORGE,203,"1,26",ELEITO
2024,1,FORTALEZA,55111,ERICH DOUGLAS,HENRIQUE JORGE,232,"1,75",ELEITO
2024,1,FORTALEZA,55000,EUDES BRINGEL,HENRIQUE JORGE,3188,"25,95",ELEITO
2024,1,FORTALEZA,50555,GABRIEL BIOLOGIA,HENRIQUE JORGE,298,"0,97",ELEITO
2024,1,FORTALEZA,12333,GARDEL ROLIM,HENRIQUE JORGE,162,"1,01",ELEITO
2024,1,FORTALEZA,33024,GERMANO HE MAN,HENRIQUE JORGE,40,"0,39",ELEITO
2024,1,FORTALEZA,22122,INSPETOR ALBERTO,HENRIQUE JORGE,144,"1,82",ELEITO
2024,1,FORTALEZA,11678,IRMÃO LÉO,HENRIQUE JORGE,25,"0,48",ELEITO
2024,1,FORTALEZA,12111,JÂNIO HENRIQUE,HENRIQUE JORGE,77,"0,7",ELEITO
2024,1,FORTALEZA,40789,JOHN MONTEIRO,HENRIQUE JORGE,7,"0,17",SUPLENTE
2024,1,FORTALEZA,45000,JORGE PINHEIRO,HENRIQUE JORGE,110,"0,97",ELEITO
2024,1,FORTALEZA,22123,JULIERME SENA,HENRIQUE JORGE,104,1,ELEITO
2024,1,FORTALEZA,13321,JULIO BRIZZI,HENRIQUE JORGE,72,"0,93",ELEITO
2024,1,FORTALEZA,12123,KÁTIA RODRIGUES,HENRIQUE JORGE,62,"0,52",ELEITO
2024,1,FORTALEZA,40123,LEO COUTO,HENRIQUE JORGE,120,"1,34",ELEITO
2024,1,FORTALEZA,36789,LUIZ PAUPINA,HENRIQUE JORGE,27,"0,45",ELEITO
2024,1,FORTALEZA,12000,MARCEL COLARES,HENRIQUE JORGE,27,"0,18",ELEITO
2024,1,FORTALEZA,22333,MARCELO MENDES,HENRIQUE JORGE,49,"0,68",ELEITO
2024,1,FORTALEZA,70200,MARCELO TCHELA,HENRIQUE JORGE,109,"1,64",SUPLENTE
2024,1,FORTALEZA,44444,MÁRCIO MARTINS,HENRIQUE JORGE,147,"1,22",ELEITO
2024,1,FORTALEZA,11111,MARCOS PAULO,HENRIQUE JORGE,19,"0,38",ELEITO
2024,1,FORTALEZA,13131,MARI LACERDA,HENRIQUE JORGE,96,"1,19",ELEITO
2024,1,FORTALEZA,25555,MICHEL LINS,HENRIQUE JORGE,77,"0,81",ELEITO
2024,1,FORTALEZA,25777,NILO DANTAS,HENRIQUE JORGE,43,"0,68",SUPLENTE
2024,1,FORTALEZA,12444,PAULO MARTINS,HENRIQUE JORGE,58,"0,45",ELEITO
2024,1,FORTALEZA,70222,PEDRO MATOS,HENRIQUE JORGE,70,"0,79",ELEITO
2024,1,FORTALEZA,12800,PPCELL,HENRIQUE JORGE,53,"0,48",ELEITO
2024,1,FORTALEZA,22222,PRISCILA COSTA,HENRIQUE JORGE,625,"1,73",ELEITO
2024,1,FORTALEZA,25123,PROFESSOR AGUIAR TOBA,HENRIQUE JORGE,121,"1,73",ELEITO
2024,1,FORTALEZA,23456,PROFESSOR ENILSON,HENRIQUE JORGE,87,"0,86",ELEITO
2024,1,FORTALEZA,12999,RAIMUNDO FILHO,HENRIQUE JORGE,331,"3,23",SUPLENTE
2024,1,FORTALEZA,44777,RENE PESSOA,HENRIQUE JORGE,51,"0,85",SUPLENTE
2024,1,FORTALEZA,10123,RONALDO MARTINS,HENRIQUE JORGE,253,"1,25",ELEITO
2024,1,FORTALEZA,44190,SOLDADO NOELIO,HENRIQUE JORGE,131,"1,91",ELEITO
2024,1,FORTALEZA,55555,TIA FRANCISCA,HENRIQUE JORGE,38,"0,55",SUPLENTE
2024,1,FORTALEZA,55777,TONY BRITO,HENRIQUE JORGE,144,"1,18",SUPLENTE
2024,1,FORTALEZA,20000,WELLINGTON SABÓIA,HENRIQUE JORGE,100,"0,91",ELEITO
2024,1,FORTALEZA,70123,ANA ARACAPÉ,ITAOCA,1,"0,01",ELEITO
2024,1,FORTALEZA,22022,BELLA CARMELO,ITAOCA,1,0,ELEITO
2024,1,FORTALEZA,55789,BRUNO MESQUITA,ITAOCA,6,"0,04",ELEITO
2024,1,FORTALEZA,13123,DR VICENTE,ITAOCA,1,"0,01",SUPLENTE
2024,1,FORTALEZA,55000,EUDES BRINGEL,ITAOCA,1,"0,01",ELEITO
2024,1,FORTALEZA,50555,GABRIEL BIOLOGIA,ITAOCA,5,"0,02",ELEITO
2024,1,FORTALEZA,12333,GARDEL ROLIM,ITAOCA,1,"0,01",ELEITO
2024,1,FORTALEZA,33024,GERMANO HE MAN,ITAOCA,4,"0,04",ELEITO
2024,1,FORTALEZA,22123,JULIERME SENA,ITAOCA,4,"0,04",ELEITO
2024,1,FORTALEZA,13321,JULIO BRIZZI,ITAOCA,2,"0,03",ELEITO
2024,1,FORTALEZA,12123,KÁTIA RODRIGUES,ITAOCA,2,"0,02",ELEITO
2024,1,FORTALEZA,22333,MARCELO MENDES,ITAOCA,1,"0,01",ELEITO
2024,1,FORTALEZA,44444,MÁRCIO MARTINS,ITAOCA,6,"0,05",ELEITO
2024,1,FORTALEZA,70222,PEDRO MATOS,ITAOCA,1,"0,01",ELEITO
2024,1,FORTALEZA,12800,PPCELL,ITAOCA,1,"0,01",ELEITO
2024,1,FORTALEZA,22222,PRISCILA COSTA,ITAOCA,4,"0,01",ELEITO
2024,1,FORTALEZA,23456,PROFESSOR ENILSON,ITAOCA,1,"0,01",ELEITO
2024,1,FORTALEZA,12999,RAIMUNDO FILHO,ITAOCA,7,"0,07",SUPLENTE
2024,1,FORTALEZA,44190,SOLDADO NOELIO,ITAOCA,1,"0,01",ELEITO
2024,1,FORTALEZA,55777,TONY BRITO,ITAOCA,4,"0,03",SUPLENTE
2024,1,FORTALEZA,20000,WELLINGTON SABÓIA,ITAOCA,1,"0,01",ELEITO
2024,1,FORTALEZA,12777,ADAIL JR.,ITAPERI,24,"0,17",ELEITO
2024,1,FORTALEZA,50777,ADRIANA GERÔNIMO,ITAPERI,61,"0,67",ELEITO
2024,1,FORTALEZA,13120,AGLAYLSON,ITAPERI,31,"0,32",ELEITO
2024,1,FORTALEZA,70123,ANA ARACAPÉ,ITAPERI,41,"0,4",ELEITO
2024,1,FORTALEZA,55011,APOLLO VICZ,ITAPERI,124,"0,97",ELEITO
2024,1,FORTALEZA,40000,BÁ,ITAPERI,55,"0,73",ELEITO
2024,1,FORTALEZA,22022,BELLA CARMELO,ITAPERI,165,"0,59",ELEITO
2024,1,FORTALEZA,10456,BENIGNO JUNIOR,ITAPERI,90,"1,08",ELEITO
2024,1,FORTALEZA,55789,BRUNO MESQUITA,ITAPERI,127,"0,9",ELEITO
2024,1,FORTALEZA,27123,CARLA DO ACILON,ITAPERI,31,"0,33",ELEITO
2024,1,FORTALEZA,25456,CHIQUINHO DOS CARNEIROS,ITAPERI,30,"0,31",ELEITO
2024,1,FORTALEZA,70369,CLAUDIO LIMA,ITAPERI,13,"0,17",SUPLENTE
2024,1,FORTALEZA,55300,CÔNSUL DO POVO,ITAPERI,31,"0,58",SUPLENTE
2024,1,FORTALEZA,20012,DAYANE COSTA,ITAPERI,5,"0,1",SUPLENTE
2024,1,FORTALEZA,13123,DR VICENTE,ITAPERI,50,"0,66",SUPLENTE
2024,1,FORTALEZA,12500,DR. LUCIANO GIRÃO,ITAPERI,127,"1,1",ELEITO
2024,1,FORTALEZA,27999,DUMMAR,ITAPERI,11,"0,33",SUPLENTE
2024,1,FORTALEZA,70111,EMANUEL ACRIZIO,ITAPERI,42,"0,26",ELEITO
2024,1,FORTALEZA,55111,ERICH DOUGLAS,ITAPERI,124,"0,94",ELEITO
2024,1,FORTALEZA,55000,EUDES BRINGEL,ITAPERI,43,"0,35",ELEITO
2024,1,FORTALEZA,50555,GABRIEL BIOLOGIA,ITAPERI,279,"0,91",ELEITO
2024,1,FORTALEZA,12333,GARDEL ROLIM,ITAPERI,350,"2,18",ELEITO
2024,1,FORTALEZA,33024,GERMANO HE MAN,ITAPERI,95,"0,94",ELEITO
2024,1,FORTALEZA,22122,INSPETOR ALBERTO,ITAPERI,68,"0,86",ELEITO
2024,1,FORTALEZA,11678,IRMÃO LÉO,ITAPERI,124,"2,38",ELEITO
2024,1,FORTALEZA,12111,JÂNIO HENRIQUE,ITAPERI,49,"0,45",ELEITO
2024,1,FORTALEZA,40789,JOHN MONTEIRO,ITAPERI,1,"0,02",SUPLENTE
2024,1,FORTALEZA,45000,JORGE PINHEIRO,ITAPERI,85,"0,75",ELEITO
2024,1,FORTALEZA,22123,JULIERME SENA,ITAPERI,85,"0,82",ELEITO
2024,1,FORTALEZA,13321,JULIO BRIZZI,ITAPERI,74,"0,95",ELEITO
2024,1,FORTALEZA,12123,KÁTIA RODRIGUES,ITAPERI,30,"0,25",ELEITO
2024,1,FORTALEZA,40123,LEO COUTO,ITAPERI,27,"0,3",ELEITO
2024,1,FORTALEZA,36789,LUIZ PAUPINA,ITAPERI,31,"0,51",ELEITO
2024,1,FORTALEZA,12000,MARCEL COLARES,ITAPERI,32,"0,21",ELEITO
2024,1,FORTALEZA,22333,MARCELO MENDES,ITAPERI,34,"0,47",ELEITO
2024,1,FORTALEZA,70200,MARCELO TCHELA,ITAPERI,52,"0,78",SUPLENTE
2024,1,FORTALEZA,44444,MÁRCIO MARTINS,ITAPERI,85,"0,71",ELEITO
2024,1,FORTALEZA,11111,MARCOS PAULO,ITAPERI,7,"0,14",ELEITO
2024,1,FORTALEZA,13131,MARI LACERDA,ITAPERI,44,"0,55",ELEITO
2024,1,FORTALEZA,25555,MICHEL LINS,ITAPERI,28,"0,29",ELEITO
2024,1,FORTALEZA,25777,NILO DANTAS,ITAPERI,62,"0,99",SUPLENTE
2024,1,FORTALEZA,12444,PAULO MARTINS,ITAPERI,429,"3,32",ELEITO
2024,1,FORTALEZA,70222,PEDRO MATOS,ITAPERI,33,"0,37",ELEITO
2024,1,FORTALEZA,12800,PPCELL,ITAPERI,26,"0,24",ELEITO
2024,1,FORTALEZA,22222,PRISCILA COSTA,ITAPERI,309,"0,85",ELEITO
2024,1,FORTALEZA,25123,PROFESSOR AGUIAR TOBA,ITAPERI,71,"1,01",ELEITO
2024,1,FORTALEZA,23456,PROFESSOR ENILSON,ITAPERI,43,"0,42",ELEITO
2024,1,FORTALEZA,12999,RAIMUNDO FILHO,ITAPERI,52,"0,51",SUPLENTE
2024,1,FORTALEZA,44777,RENE PESSOA,ITAPERI,25,"0,42",SUPLENTE
2024,1,FORTALEZA,10123,RONALDO MARTINS,ITAPERI,117,"0,58",ELEITO
2024,1,FORTALEZA,44190,SOLDADO NOELIO,ITAPERI,73,"1,07",ELEITO
2024,1,FORTALEZA,55555,TIA FRANCISCA,ITAPERI,45,"0,65",SUPLENTE
2024,1,FORTALEZA,55777,TONY BRITO,ITAPERI,51,"0,42",SUPLENTE
2024,1,FORTALEZA,20000,WELLINGTON SABÓIA,ITAPERI,150,"1,36",ELEITO
2024,1,FORTALEZA,12777,ADAIL JR.,JACARECANGA,53,"0,37",ELEITO
2024,1,FORTALEZA,50777,ADRIANA GERÔNIMO,JACARECANGA,58,"0,64",ELEITO
2024,1,FORTALEZA,13120,AGLAYLSON,JACARECANGA,68,"0,71",ELEITO
2024,1,FORTALEZA,70123,ANA ARACAPÉ,JACARECANGA,37,"0,36",ELEITO
2024,1,FORTALEZA,55011,APOLLO VICZ,JACARECANGA,104,"0,81",ELEITO
2024,1,FORTALEZA,40000,BÁ,JACARECANGA,11,"0,15",ELEITO
2024,1,FORTALEZA,22022,BELLA CARMELO,JACARECANGA,154,"0,55",ELEITO
2024,1,FORTALEZA,10456,BENIGNO JUNIOR,JACARECANGA,22,"0,26",ELEITO
2024,1,FORTALEZA,55789,BRUNO MESQUITA,JACARECANGA,43,"0,3",ELEITO
2024,1,FORTALEZA,27123,CARLA DO ACILON,JACARECANGA,46,"0,49",ELEITO
2024,1,FORTALEZA,25456,CHIQUINHO DOS CARNEIROS,JACARECANGA,6,"0,06",ELEITO
2024,1,FORTALEZA,70369,CLAUDIO LIMA,JACARECANGA,331,"4,22",SUPLENTE
2024,1,FORTALEZA,55300,CÔNSUL DO POVO,JACARECANGA,17,"0,32",SUPLENTE
2024,1,FORTALEZA,20012,DAYANE COSTA,JACARECANGA,7,"0,15",SUPLENTE
2024,1,FORTALEZA,13123,DR VICENTE,JACARECANGA,113,"1,49",SUPLENTE
2024,1,FORTALEZA,12500,DR. LUCIANO GIRÃO,JACARECANGA,74,"0,64",ELEITO
2024,1,FORTALEZA,27999,DUMMAR,JACARECANGA,7,"0,21",SUPLENTE
2024,1,FORTALEZA,70111,EMANUEL ACRIZIO,JACARECANGA,79,"0,49",ELEITO
2024,1,FORTALEZA,55111,ERICH DOUGLAS,JACARECANGA,94,"0,71",ELEITO
2024,1,FORTALEZA,55000,EUDES BRINGEL,JACARECANGA,36,"0,29",ELEITO
2024,1,FORTALEZA,50555,GABRIEL BIOLOGIA,JACARECANGA,194,"0,63",ELEITO
2024,1,FORTALEZA,12333,GARDEL ROLIM,JACARECANGA,107,"0,67",ELEITO
2024,1,FORTALEZA,33024,GERMANO HE MAN,JACARECANGA,19,"0,19",ELEITO
2024,1,FORTALEZA,22122,INSPETOR ALBERTO,JACARECANGA,55,"0,7",ELEITO
2024,1,FORTALEZA,11678,IRMÃO LÉO,JACARECANGA,14,"0,27",ELEITO
2024,1,FORTALEZA,12111,JÂNIO HENRIQUE,JACARECANGA,12,"0,11",ELEITO
2024,1,FORTALEZA,40789,JOHN MONTEIRO,JACARECANGA,11,"0,26",SUPLENTE
2024,1,FORTALEZA,45000,JORGE PINHEIRO,JACARECANGA,40,"0,35",ELEITO
2024,1,FORTALEZA,22123,JULIERME SENA,JACARECANGA,396,"3,81",ELEITO
2024,1,FORTALEZA,13321,JULIO BRIZZI,JACARECANGA,58,"0,75",ELEITO
2024,1,FORTALEZA,12123,KÁTIA RODRIGUES,JACARECANGA,170,"1,42",ELEITO
2024,1,FORTALEZA,40123,LEO COUTO,JACARECANGA,41,"0,46",ELEITO
2024,1,FORTALEZA,36789,LUIZ PAUPINA,JACARECANGA,8,"0,13",ELEITO
2024,1,FORTALEZA,12000,MARCEL COLARES,JACARECANGA,33,"0,22",ELEITO
2024,1,FORTALEZA,22333,MARCELO MENDES,JACARECANGA,37,"0,51",ELEITO
2024,1,FORTALEZA,70200,MARCELO TCHELA,JACARECANGA,25,"0,38",SUPLENTE
2024,1,FORTALEZA,44444,MÁRCIO MARTINS,JACARECANGA,35,"0,29",ELEITO
2024,1,FORTALEZA,11111,MARCOS PAULO,JACARECANGA,12,"0,24",ELEITO
2024,1,FORTALEZA,13131,MARI LACERDA,JACARECANGA,66,"0,82",ELEITO
2024,1,FORTALEZA,25555,MICHEL LINS,JACARECANGA,84,"0,88",ELEITO
2024,1,FORTALEZA,25777,NILO DANTAS,JACARECANGA,32,"0,51",SUPLENTE
2024,1,FORTALEZA,12444,PAULO MARTINS,JACARECANGA,66,"0,51",ELEITO
2024,1,FORTALEZA,70222,PEDRO MATOS,JACARECANGA,48,"0,54",ELEITO
2024,1,FORTALEZA,12800,PPCELL,JACARECANGA,54,"0,49",ELEITO
2024,1,FORTALEZA,22222,PRISCILA COSTA,JACARECANGA,201,"0,55",ELEITO
2024,1,FORTALEZA,25123,PROFESSOR AGUIAR TOBA,JACARECANGA,16,"0,23",ELEITO
2024,1,FORTALEZA,23456,PROFESSOR ENILSON,JACARECANGA,40,"0,39",ELEITO
2024,1,FORTALEZA,12999,RAIMUNDO FILHO,JACARECANGA,25,"0,24",SUPLENTE
2024,1,FORTALEZA,44777,RENE PESSOA,JACARECANGA,27,"0,45",SUPLENTE
2024,1,FORTALEZA,10123,RONALDO MARTINS,JACARECANGA,250,"1,23",ELEITO
2024,1,FORTALEZA,44190,SOLDADO NOELIO,JACARECANGA,79,"1,15",ELEITO
2024,1,FORTALEZA,55555,TIA FRANCISCA,JACARECANGA,20,"0,29",SUPLENTE
2024,1,FORTALEZA,55777,TONY BRITO,JACARECANGA,151,"1,24",SUPLENTE
2024,1,FORTALEZA,20000,WELLINGTON SABÓIA,JACARECANGA,64,"0,58",ELEITO
2024,1,FORTALEZA,12777,ADAIL JR.,JANGURUSSU,34,"0,24",ELEITO
2024,1,FORTALEZA,50777,ADRIANA GERÔNIMO,JANGURUSSU,90,"0,99",ELEITO
2024,1,FORTALEZA,13120,AGLAYLSON,JANGURUSSU,258,"2,69",ELEITO
2024,1,FORTALEZA,70123,ANA ARACAPÉ,JANGURUSSU,124,"1,2",ELEITO
2024,1,FORTALEZA,55011,APOLLO VICZ,JANGURUSSU,219,"1,71",ELEITO
2024,1,FORTALEZA,40000,BÁ,JANGURUSSU,86,"1,14",ELEITO
2024,1,FORTALEZA,22022,BELLA CARMELO,JANGURUSSU,432,"1,54",ELEITO
2024,1,FORTALEZA,10456,BENIGNO JUNIOR,JANGURUSSU,75,"0,9",ELEITO
2024,1,FORTALEZA,55789,BRUNO MESQUITA,JANGURUSSU,53,"0,37",ELEITO
2024,1,FORTALEZA,27123,CARLA DO ACILON,JANGURUSSU,279,"2,96",ELEITO
2024,1,FORTALEZA,25456,CHIQUINHO DOS CARNEIROS,JANGURUSSU,63,"0,66",ELEITO
2024,1,FORTALEZA,70369,CLAUDIO LIMA,JANGURUSSU,22,"0,28",SUPLENTE
2024,1,FORTALEZA,55300,CÔNSUL DO POVO,JANGURUSSU,207,"3,89",SUPLENTE
2024,1,FORTALEZA,20012,DAYANE COSTA,JANGURUSSU,19,"0,4",SUPLENTE
2024,1,FORTALEZA,13123,DR VICENTE,JANGURUSSU,153,"2,02",SUPLENTE
2024,1,FORTALEZA,12500,DR. LUCIANO GIRÃO,JANGURUSSU,441,"3,83",ELEITO
2024,1,FORTALEZA,27999,DUMMAR,JANGURUSSU,55,"1,66",SUPLENTE
2024,1,FORTALEZA,70111,EMANUEL ACRIZIO,JANGURUSSU,97,"0,6",ELEITO
2024,1,FORTALEZA,55111,ERICH DOUGLAS,JANGURUSSU,280,"2,11",ELEITO
2024,1,FORTALEZA,55000,EUDES BRINGEL,JANGURUSSU,45,"0,37",ELEITO
2024,1,FORTALEZA,50555,GABRIEL BIOLOGIA,JANGURUSSU,368,"1,2",ELEITO
2024,1,FORTALEZA,12333,GARDEL ROLIM,JANGURUSSU,217,"1,35",ELEITO
2024,1,FORTALEZA,33024,GERMANO HE MAN,JANGURUSSU,44,"0,43",ELEITO
2024,1,FORTALEZA,22122,INSPETOR ALBERTO,JANGURUSSU,210,"2,65",ELEITO
2024,1,FORTALEZA,11678,IRMÃO LÉO,JANGURUSSU,71,"1,36",ELEITO
2024,1,FORTALEZA,12111,JÂNIO HENRIQUE,JANGURUSSU,114,"1,04",ELEITO
2024,1,FORTALEZA,40789,JOHN MONTEIRO,JANGURUSSU,32,"0,76",SUPLENTE
2024,1,FORTALEZA,45000,JORGE PINHEIRO,JANGURUSSU,119,"1,05",ELEITO
2024,1,FORTALEZA,22123,JULIERME SENA,JANGURUSSU,134,"1,29",ELEITO
2024,1,FORTALEZA,13321,JULIO BRIZZI,JANGURUSSU,213,"2,74",ELEITO
2024,1,FORTALEZA,12123,KÁTIA RODRIGUES,JANGURUSSU,51,"0,43",ELEITO
2024,1,FORTALEZA,40123,LEO COUTO,JANGURUSSU,139,"1,55",ELEITO
2024,1,FORTALEZA,36789,LUIZ PAUPINA,JANGURUSSU,197,"3,26",ELEITO
2024,1,FORTALEZA,12000,MARCEL COLARES,JANGURUSSU,1988,"13,03",ELEITO
2024,1,FORTALEZA,22333,MARCELO MENDES,JANGURUSSU,37,"0,51",ELEITO
2024,1,FORTALEZA,70200,MARCELO TCHELA,JANGURUSSU,61,"0,92",SUPLENTE
2024,1,FORTALEZA,44444,MÁRCIO MARTINS,JANGURUSSU,63,"0,52",ELEITO
2024,1,FORTALEZA,11111,MARCOS PAULO,JANGURUSSU,637,"12,76",ELEITO
2024,1,FORTALEZA,13131,MARI LACERDA,JANGURUSSU,201,"2,5",ELEITO
2024,1,FORTALEZA,25555,MICHEL LINS,JANGURUSSU,98,"1,02",ELEITO
2024,1,FORTALEZA,25777,NILO DANTAS,JANGURUSSU,43,"0,68",SUPLENTE
2024,1,FORTALEZA,12444,PAULO MARTINS,JANGURUSSU,235,"1,82",ELEITO
2024,1,FORTALEZA,70222,PEDRO MATOS,JANGURUSSU,87,"0,98",ELEITO
2024,1,FORTALEZA,12800,PPCELL,JANGURUSSU,2266,"20,6",ELEITO
2024,1,FORTALEZA,22222,PRISCILA COSTA,JANGURUSSU,746,"2,06",ELEITO
2024,1,FORTALEZA,25123,PROFESSOR AGUIAR TOBA,JANGURUSSU,38,"0,54",ELEITO
2024,1,FORTALEZA,23456,PROFESSOR ENILSON,JANGURUSSU,51,"0,5",ELEITO
2024,1,FORTALEZA,12999,RAIMUNDO FILHO,JANGURUSSU,195,"1,9",SUPLENTE
2024,1,FORTALEZA,44777,RENE PESSOA,JANGURUSSU,181,"3,03",SUPLENTE
2024,1,FORTALEZA,10123,RONALDO MARTINS,JANGURUSSU,851,"4,19",ELEITO
2024,1,FORTALEZA,44190,SOLDADO NOELIO,JANGURUSSU,211,"3,08",ELEITO
2024,1,FORTALEZA,55555,TIA FRANCISCA,JANGURUSSU,52,"0,75",SUPLENTE
2024,1,FORTALEZA,55777,TONY BRITO,JANGURUSSU,215,"1,77",SUPLENTE
2024,1,FORTALEZA,20000,WELLINGTON SABÓIA,JANGURUSSU,147,"1,33",ELEITO
2024,1,FORTALEZA,12777,ADAIL JR.,JARDIM AMÉRICA,15,"0,11",ELEITO
2024,1,FORTALEZA,50777,ADRIANA GERÔNIMO,JARDIM AMÉRICA,41,"0,45",ELEITO
2024,1,FORTALEZA,13120,AGLAYLSON,JARDIM AMÉRICA,59,"0,61",ELEITO
2024,1,FORTALEZA,70123,ANA ARACAPÉ,JARDIM AMÉRICA,23,"0,22",ELEITO
2024,1,FORTALEZA,55011,APOLLO VICZ,JARDIM AMÉRICA,63,"0,49",ELEITO
2024,1,FORTALEZA,40000,BÁ,JARDIM AMÉRICA,9,"0,12",ELEITO
2024,1,FORTALEZA,22022,BELLA CARMELO,JARDIM AMÉRICA,130,"0,46",ELEITO
2024,1,FORTALEZA,10456,BENIGNO JUNIOR,JARDIM AMÉRICA,78,"0,93",ELEITO
2024,1,FORTALEZA,55789,BRUNO MESQUITA,JARDIM AMÉRICA,61,"0,43",ELEITO
2024,1,FORTALEZA,27123,CARLA DO ACILON,JARDIM AMÉRICA,33,"0,35",ELEITO
2024,1,FORTALEZA,25456,CHIQUINHO DOS CARNEIROS,JARDIM AMÉRICA,5,"0,05",ELEITO
2024,1,FORTALEZA,70369,CLAUDIO LIMA,JARDIM AMÉRICA,13,"0,17",SUPLENTE
2024,1,FORTALEZA,55300,CÔNSUL DO POVO,JARDIM AMÉRICA,14,"0,26",SUPLENTE
2024,1,FORTALEZA,20012,DAYANE COSTA,JARDIM AMÉRICA,6,"0,12",SUPLENTE
2024,1,FORTALEZA,13123,DR VICENTE,JARDIM AMÉRICA,45,"0,59",SUPLENTE
2024,1,FORTALEZA,12500,DR. LUCIANO GIRÃO,JARDIM AMÉRICA,41,"0,36",ELEITO
2024,1,FORTALEZA,27999,DUMMAR,JARDIM AMÉRICA,19,"0,58",SUPLENTE
2024,1,FORTALEZA,70111,EMANUEL ACRIZIO,JARDIM AMÉRICA,27,"0,17",ELEITO
2024,1,FORTALEZA,55111,ERICH DOUGLAS,JARDIM AMÉRICA,59,"0,45",ELEITO
2024,1,FORTALEZA,55000,EUDES BRINGEL,JARDIM AMÉRICA,42,"0,34",ELEITO
2024,1,FORTALEZA,50555,GABRIEL BIOLOGIA,JARDIM AMÉRICA,138,"0,45",ELEITO
2024,1,FORTALEZA,12333,GARDEL ROLIM,JARDIM AMÉRICA,24,"0,15",ELEITO
2024,1,FORTALEZA,33024,GERMANO HE MAN,JARDIM AMÉRICA,83,"0,82",ELEITO
2024,1,FORTALEZA,22122,INSPETOR ALBERTO,JARDIM AMÉRICA,37,"0,47",ELEITO
2024,1,FORTALEZA,11678,IRMÃO LÉO,JARDIM AMÉRICA,3,"0,06",ELEITO
2024,1,FORTALEZA,12111,JÂNIO HENRIQUE,JARDIM AMÉRICA,8,"0,07",ELEITO
2024,1,FORTALEZA,40789,JOHN MONTEIRO,JARDIM AMÉRICA,3,"0,07",SUPLENTE
2024,1,FORTALEZA,45000,JORGE PINHEIRO,JARDIM AMÉRICA,49,"0,43",ELEITO
2024,1,FORTALEZA,22123,JULIERME SENA,JARDIM AMÉRICA,24,"0,23",ELEITO
2024,1,FORTALEZA,13321,JULIO BRIZZI,JARDIM AMÉRICA,60,"0,77",ELEITO
2024,1,FORTALEZA,12123,KÁTIA RODRIGUES,JARDIM AMÉRICA,11,"0,09",ELEITO
2024,1,FORTALEZA,40123,LEO COUTO,JARDIM AMÉRICA,66,"0,74",ELEITO
2024,1,FORTALEZA,36789,LUIZ PAUPINA,JARDIM AMÉRICA,5,"0,08",ELEITO
2024,1,FORTALEZA,12000,MARCEL COLARES,JARDIM AMÉRICA,22,"0,14",ELEITO
2024,1,FORTALEZA,22333,MARCELO MENDES,JARDIM AMÉRICA,22,"0,31",ELEITO
2024,1,FORTALEZA,70200,MARCELO TCHELA,JARDIM AMÉRICA,39,"0,59",SUPLENTE
2024,1,FORTALEZA,44444,MÁRCIO MARTINS,JARDIM AMÉRICA,2119,"17,59",ELEITO
2024,1,FORTALEZA,11111,MARCOS PAULO,JARDIM AMÉRICA,2,"0,04",ELEITO
2024,1,FORTALEZA,13131,MARI LACERDA,JARDIM AMÉRICA,34,"0,42",ELEITO
2024,1,FORTALEZA,25555,MICHEL LINS,JARDIM AMÉRICA,71,"0,74",ELEITO
2024,1,FORTALEZA,25777,NILO DANTAS,JARDIM AMÉRICA,5,"0,08",SUPLENTE
2024,1,FORTALEZA,12444,PAULO MARTINS,JARDIM AMÉRICA,44,"0,34",ELEITO
2024,1,FORTALEZA,70222,PEDRO MATOS,JARDIM AMÉRICA,32,"0,36",ELEITO
2024,1,FORTALEZA,12800,PPCELL,JARDIM AMÉRICA,10,"0,09",ELEITO
2024,1,FORTALEZA,22222,PRISCILA COSTA,JARDIM AMÉRICA,116,"0,32",ELEITO
2024,1,FORTALEZA,25123,PROFESSOR AGUIAR TOBA,JARDIM AMÉRICA,9,"0,13",ELEITO
2024,1,FORTALEZA,23456,PROFESSOR ENILSON,JARDIM AMÉRICA,60,"0,59",ELEITO
2024,1,FORTALEZA,12999,RAIMUNDO FILHO,JARDIM AMÉRICA,33,"0,32",SUPLENTE
2024,1,FORTALEZA,44777,RENE PESSOA,JARDIM AMÉRICA,11,"0,18",SUPLENTE
2024,1,FORTALEZA,10123,RONALDO MARTINS,JARDIM AMÉRICA,29,"0,14",ELEITO
2024,1,FORTALEZA,44190,SOLDADO NOELIO,JARDIM AMÉRICA,35,"0,51",ELEITO
2024,1,FORTALEZA,55555,TIA FRANCISCA,JARDIM AMÉRICA,10,"0,14",SUPLENTE
2024,1,FORTALEZA,55777,TONY BRITO,JARDIM AMÉRICA,62,"0,51",SUPLENTE
2024,1,FORTALEZA,20000,WELLINGTON SABÓIA,JARDIM AMÉRICA,40,"0,36",ELEITO
2024,1,FORTALEZA,12777,ADAIL JR.,MEIRELES,41,"0,29",ELEITO
2024,1,FORTALEZA,50777,ADRIANA GERÔNIMO,MEIRELES,329,"3,62",ELEITO
2024,1,FORTALEZA,13120,AGLAYLSON,MEIRELES,73,"0,76",ELEITO
2024,1,FORTALEZA,70123,ANA ARACAPÉ,MEIRELES,16,"0,16",ELEITO
2024,1,FORTALEZA,55011,APOLLO VICZ,MEIRELES,150,"1,17",ELEITO
2024,1,FORTALEZA,40000,BÁ,MEIRELES,10,"0,13",ELEITO
2024,1,FORTALEZA,22022,BELLA CARMELO,MEIRELES,1079,"3,83",ELEITO
2024,1,FORTALEZA,10456,BENIGNO JUNIOR,MEIRELES,125,"1,5",ELEITO
2024,1,FORTALEZA,55789,BRUNO MESQUITA,MEIRELES,63,"0,44",ELEITO
2024,1,FORTALEZA,27123,CARLA DO ACILON,MEIRELES,56,"0,59",ELEITO
2024,1,FORTALEZA,25456,CHIQUINHO DOS CARNEIROS,MEIRELES,8,"0,08",ELEITO
2024,1,FORTALEZA,70369,CLAUDIO LIMA,MEIRELES,15,"0,19",SUPLENTE
2024,1,FORTALEZA,55300,CÔNSUL DO POVO,MEIRELES,23,"0,43",SUPLENTE
2024,1,FORTALEZA,20012,DAYANE COSTA,MEIRELES,17,"0,35",SUPLENTE
2024,1,FORTALEZA,13123,DR VICENTE,MEIRELES,111,"1,47",SUPLENTE
2024,1,FORTALEZA,12500,DR. LUCIANO GIRÃO,MEIRELES,42,"0,36",ELEITO
2024,1,FORTALEZA,27999,DUMMAR,MEIRELES,14,"0,42",SUPLENTE
2024,1,FORTALEZA,70111,EMANUEL ACRIZIO,MEIRELES,26,"0,16",ELEITO
2024,1,FORTALEZA,55111,ERICH DOUGLAS,MEIRELES,122,"0,92",ELEITO
2024,1,FORTALEZA,55000,EUDES BRINGEL,MEIRELES,70,"0,57",ELEITO
2024,1,FORTALEZA,50555,GABRIEL BIOLOGIA,MEIRELES,975,"3,18",ELEITO
2024,1,FORTALEZA,12333,GARDEL ROLIM,MEIRELES,100,"0,62",ELEITO
2024,1,FORTALEZA,33024,GERMANO HE MAN,MEIRELES,40,"0,39",ELEITO
2024,1,FORTALEZA,22122,INSPETOR ALBERTO,MEIRELES,120,"1,52",ELEITO
2024,1,FORTALEZA,11678,IRMÃO LÉO,MEIRELES,4,"0,08",ELEITO
2024,1,FORTALEZA,12111,JÂNIO HENRIQUE,MEIRELES,15,"0,14",ELEITO
2024,1,FORTALEZA,40789,JOHN MONTEIRO,MEIRELES,58,"1,38",SUPLENTE
2024,1,FORTALEZA,45000,JORGE PINHEIRO,MEIRELES,350,"3,08",ELEITO
2024,1,FORTALEZA,22123,JULIERME SENA,MEIRELES,104,1,ELEITO
2024,1,FORTALEZA,13321,JULIO BRIZZI,MEIRELES,173,"2,23",ELEITO
2024,1,FORTALEZA,12123,KÁTIA RODRIGUES,MEIRELES,49,"0,41",ELEITO
2024,1,FORTALEZA,40123,LEO COUTO,MEIRELES,111,"1,24",ELEITO
2024,1,FORTALEZA,36789,LUIZ PAUPINA,MEIRELES,3,"0,05",ELEITO
2024,1,FORTALEZA,12000,MARCEL COLARES,MEIRELES,75,"0,49",ELEITO
2024,1,FORTALEZA,22333,MARCELO MENDES,MEIRELES,660,"9,17",ELEITO
2024,1,FORTALEZA,70200,MARCELO TCHELA,MEIRELES,23,"0,35",SUPLENTE
2024,1,FORTALEZA,44444,MÁRCIO MARTINS,MEIRELES,67,"0,56",ELEITO
2024,1,FORTALEZA,11111,MARCOS PAULO,MEIRELES,4,"0,08",ELEITO
2024,1,FORTALEZA,13131,MARI LACERDA,MEIRELES,139,"1,73",ELEITO
2024,1,FORTALEZA,25555,MICHEL LINS,MEIRELES,30,"0,31",ELEITO
2024,1,FORTALEZA,25777,NILO DANTAS,MEIRELES,9,"0,14",SUPLENTE
2024,1,FORTALEZA,12444,PAULO MARTINS,MEIRELES,110,"0,85",ELEITO
2024,1,FORTALEZA,70222,PEDRO MATOS,MEIRELES,300,"3,38",ELEITO
2024,1,FORTALEZA,12800,PPCELL,MEIRELES,64,"0,58",ELEITO
2024,1,FORTALEZA,22222,PRISCILA COSTA,MEIRELES,538,"1,49",ELEITO
2024,1,FORTALEZA,25123,PROFESSOR AGUIAR TOBA,MEIRELES,5,"0,07",ELEITO
2024,1,FORTALEZA,23456,PROFESSOR ENILSON,MEIRELES,30,"0,3",ELEITO
2024,1,FORTALEZA,12999,RAIMUNDO FILHO,MEIRELES,38,"0,37",SUPLENTE
2024,1,FORTALEZA,44777,RENE PESSOA,MEIRELES,179,3,SUPLENTE
2024,1,FORTALEZA,10123,RONALDO MARTINS,MEIRELES,63,"0,31",ELEITO
2024,1,FORTALEZA,44190,SOLDADO NOELIO,MEIRELES,26,"0,38",ELEITO
2024,1,FORTALEZA,55555,TIA FRANCISCA,MEIRELES,13,"0,19",SUPLENTE
2024,1,FORTALEZA,55777,TONY BRITO,MEIRELES,143,"1,17",SUPLENTE
2024,1,FORTALEZA,20000,WELLINGTON SABÓIA,MEIRELES,59,"0,54",ELEITO
2024,1,FORTALEZA,12777,ADAIL JR.,MESSEJANA,58,"0,41",ELEITO
2024,1,FORTALEZA,50777,ADRIANA GERÔNIMO,MESSEJANA,256,"2,82",ELEITO
2024,1,FORTALEZA,13120,AGLAYLSON,MESSEJANA,255,"2,66",ELEITO
2024,1,FORTALEZA,70123,ANA ARACAPÉ,MESSEJANA,110,"1,07",ELEITO
2024,1,FORTALEZA,55011,APOLLO VICZ,MESSEJANA,513,"4,02",ELEITO
2024,1,FORTALEZA,40000,BÁ,MESSEJANA,51,"0,68",ELEITO
2024,1,FORTALEZA,22022,BELLA CARMELO,MESSEJANA,905,"3,22",ELEITO
2024,1,FORTALEZA,10456,BENIGNO JUNIOR,MESSEJANA,259,"3,1",ELEITO
2024,1,FORTALEZA,55789,BRUNO MESQUITA,MESSEJANA,239,"1,68",ELEITO
2024,1,FORTALEZA,27123,CARLA DO ACILON,MESSEJANA,1166,"12,39",ELEITO
2024,1,FORTALEZA,25456,CHIQUINHO DOS CARNEIROS,MESSEJANA,90,"0,94",ELEITO
2024,1,FORTALEZA,70369,CLAUDIO LIMA,MESSEJANA,37,"0,47",SUPLENTE
2024,1,FORTALEZA,55300,CÔNSUL DO POVO,MESSEJANA,282,"5,31",SUPLENTE
2024,1,FORTALEZA,20012,DAYANE COSTA,MESSEJANA,42,"0,87",SUPLENTE
2024,1,FORTALEZA,13123,DR VICENTE,MESSEJANA,374,"4,94",SUPLENTE
2024,1,FORTALEZA,12500,DR. LUCIANO GIRÃO,MESSEJANA,365,"3,17",ELEITO
2024,1,FORTALEZA,27999,DUMMAR,MESSEJANA,84,"2,54",SUPLENTE
2024,1,FORTALEZA,70111,EMANUEL ACRIZIO,MESSEJANA,287,"1,78",ELEITO
2024,1,FORTALEZA,55111,ERICH DOUGLAS,MESSEJANA,462,"3,49",ELEITO
2024,1,FORTALEZA,55000,EUDES BRINGEL,MESSEJANA,99,"0,81",ELEITO
2024,1,FORTALEZA,50555,GABRIEL BIOLOGIA,MESSEJANA,992,"3,23",ELEITO
2024,1,FORTALEZA,12333,GARDEL ROLIM,MESSEJANA,996,"6,2",ELEITO
2024,1,FORTALEZA,33024,GERMANO HE MAN,MESSEJANA,92,"0,91",ELEITO
2024,1,FORTALEZA,22122,INSPETOR ALBERTO,MESSEJANA,256,"3,24",ELEITO
2024,1,FORTALEZA,11678,IRMÃO LÉO,MESSEJANA,44,"0,84",ELEITO
2024,1,FORTALEZA,12111,JÂNIO HENRIQUE,MESSEJANA,88,"0,8",ELEITO
2024,1,FORTALEZA,40789,JOHN MONTEIRO,MESSEJANA,38,"0,9",SUPLENTE
2024,1,FORTALEZA,45000,JORGE PINHEIRO,MESSEJANA,338,"2,98",ELEITO
2024,1,FORTALEZA,22123,JULIERME SENA,MESSEJANA,190,"1,83",ELEITO
2024,1,FORTALEZA,13321,JULIO BRIZZI,MESSEJANA,196,"2,52",ELEITO
2024,1,FORTALEZA,12123,KÁTIA RODRIGUES,MESSEJANA,87,"0,73",ELEITO
2024,1,FORTALEZA,40123,LEO COUTO,MESSEJANA,127,"1,42",ELEITO
2024,1,FORTALEZA,36789,LUIZ PAUPINA,MESSEJANA,1752,"29,02",ELEITO
2024,1,FORTALEZA,12000,MARCEL COLARES,MESSEJANA,4009,"26,27",ELEITO
2024,1,FORTALEZA,22333,MARCELO MENDES,MESSEJANA,137,"1,9",ELEITO
2024,1,FORTALEZA,70200,MARCELO TCHELA,MESSEJANA,109,"1,64",SUPLENTE
2024,1,FORTALEZA,44444,MÁRCIO MARTINS,MESSEJANA,125,"1,04",ELEITO
2024,1,FORTALEZA,11111,MARCOS PAULO,MESSEJANA,106,"2,12",ELEITO
2024,1,FORTALEZA,13131,MARI LACERDA,MESSEJANA,224,"2,79",ELEITO
2024,1,FORTALEZA,25555,MICHEL LINS,MESSEJANA,107,"1,12",ELEITO
2024,1,FORTALEZA,25777,NILO DANTAS,MESSEJANA,92,"1,46",SUPLENTE
2024,1,FORTALEZA,12444,PAULO MARTINS,MESSEJANA,483,"3,73",ELEITO
2024,1,FORTALEZA,70222,PEDRO MATOS,MESSEJANA,147,"1,66",ELEITO
2024,1,FORTALEZA,12800,PPCELL,MESSEJANA,426,"3,87",ELEITO
2024,1,FORTALEZA,22222,PRISCILA COSTA,MESSEJANA,1214,"3,35",ELEITO
2024,1,FORTALEZA,25123,PROFESSOR AGUIAR TOBA,MESSEJANA,42,"0,6",ELEITO
2024,1,FORTALEZA,23456,PROFESSOR ENILSON,MESSEJANA,149,"1,47",ELEITO
2024,1,FORTALEZA,12999,RAIMUNDO FILHO,MESSEJANA,85,"0,83",SUPLENTE
2024,1,FORTALEZA,44777,RENE PESSOA,MESSEJANA,181,"3,03",SUPLENTE
2024,1,FORTALEZA,10123,RONALDO MARTINS,MESSEJANA,851,"4,19",ELEITO
2024,1,FORTALEZA,44190,SOLDADO NOELIO,MESSEJANA,211,"3,08",ELEITO
2024,1,FORTALEZA,55555,TIA FRANCISCA,MESSEJANA,52,"0,75",SUPLENTE
2024,1,FORTALEZA,55777,TONY BRITO,MESSEJANA,215,"1,77",SUPLENTE
2024,1,FORTALEZA,20000,WELLINGTON SABÓIA,MESSEJANA,147,"1,33",ELEITO
2024,1,FORTALEZA,12777,ADAIL JR.,PARANGABA,80,"0,56",ELEITO
2024,1,FORTALEZA,50777,ADRIANA GERÔNIMO,PARANGABA,189,"2,08",ELEITO
2024,1,FORTALEZA,13120,AGLAYLSON,PARANGABA,96,1,ELEITO
2024,1,FORTALEZA,70123,ANA ARACAPÉ,PARANGABA,158,"1,53",ELEITO
2024,1,FORTALEZA,55011,APOLLO VICZ,PARANGABA,280,"2,19",ELEITO
2024,1,FORTALEZA,40000,BÁ,PARANGABA,248,"3,29",ELEITO
2024,1,FORTALEZA,22022,BELLA CARMELO,PARANGABA,515,"1,83",ELEITO
2024,1,FORTALEZA,10456,BENIGNO JUNIOR,PARANGABA,154,"1,84",ELEITO
2024,1,FORTALEZA,55789,BRUNO MESQUITA,PARANGABA,280,"1,97",ELEITO
2024,1,FORTALEZA,27123,CARLA DO ACILON,PARANGABA,91,"0,97",ELEITO
2024,1,FORTALEZA,25456,CHIQUINHO DOS CARNEIROS,PARANGABA,57,"0,6",ELEITO
2024,1,FORTALEZA,70369,CLAUDIO LIMA,PARANGABA,27,"0,34",SUPLENTE
2024,1,FORTALEZA,55300,CÔNSUL DO POVO,PARANGABA,70,"1,32",SUPLENTE
2024,1,FORTALEZA,20012,DAYANE COSTA,PARANGABA,13,"0,27",SUPLENTE
2024,1,FORTALEZA,13123,DR VICENTE,PARANGABA,141,"1,86",SUPLENTE
2024,1,FORTALEZA,12500,DR. LUCIANO GIRÃO,PARANGABA,101,"0,88",ELEITO
2024,1,FORTALEZA,27999,DUMMAR,PARANGABA,13,"0,39",SUPLENTE
2024,1,FORTALEZA,70111,EMANUEL ACRIZIO,PARANGABA,227,"1,41",ELEITO
2024,1,FORTALEZA,55111,ERICH DOUGLAS,PARANGABA,280,"2,11",ELEITO
2024,1,FORTALEZA,55000,EUDES BRINGEL,PARANGABA,180,"1,47",ELEITO
2024,1,FORTALEZA,50555,GABRIEL BIOLOGIA,PARANGABA,631,"2,06",ELEITO
2024,1,FORTALEZA,12333,GARDEL ROLIM,PARANGABA,251,"1,56",ELEITO
2024,1,FORTALEZA,33024,GERMANO HE MAN,PARANGABA,225,"2,21",ELEITO
2024,1,FORTALEZA,22122,INSPETOR ALBERTO,PARANGABA,153,"1,93",ELEITO
2024,1,FORTALEZA,11678,IRMÃO LÉO,PARANGABA,113,"2,17",ELEITO
2024,1,FORTALEZA,12111,JÂNIO HENRIQUE,PARANGABA,175,"1,6",ELEITO
2024,1,FORTALEZA,40789,JOHN MONTEIRO,PARANGABA,9,"0,21",SUPLENTE
2024,1,FORTALEZA,45000,JORGE PINHEIRO,PARANGABA,273,"2,4",ELEITO
2024,1,FORTALEZA,22123,JULIERME SENA,PARANGABA,151,"1,45",ELEITO
2024,1,FORTALEZA,13321,JULIO BRIZZI,PARANGABA,168,"2,16",ELEITO
2024,1,FORTALEZA,12123,KÁTIA RODRIGUES,PARANGABA,102,"0,85",ELEITO
2024,1,FORTALEZA,40123,LEO COUTO,PARANGABA,113,"1,26",ELEITO
2024,1,FORTALEZA,36789,LUIZ PAUPINA,PARANGABA,33,"0,55",ELEITO
2024,1,FORTALEZA,12000,MARCEL COLARES,PARANGABA,52,"0,34",ELEITO
2024,1,FORTALEZA,22333,MARCELO MENDES,PARANGABA,99,"1,38",ELEITO
2024,1,FORTALEZA,70200,MARCELO TCHELA,PARANGABA,203,"3,06",SUPLENTE
2024,1,FORTALEZA,44444,MÁRCIO MARTINS,PARANGABA,213,"1,77",ELEITO
2024,1,FORTALEZA,11111,MARCOS PAULO,PARANGABA,10,"0,2",ELEITO
2024,1,FORTALEZA,13131,MARI LACERDA,PARANGABA,265,"3,3",ELEITO
2024,1,FORTALEZA,25555,MICHEL LINS,PARANGABA,95,"0,99",ELEITO
2024,1,FORTALEZA,25777,NILO DANTAS,PARANGABA,50,"0,8",SUPLENTE
2024,1,FORTALEZA,12444,PAULO MARTINS,PARANGABA,152,"1,18",ELEITO
2024,1,FORTALEZA,70222,PEDRO MATOS,PARANGABA,124,"1,4",ELEITO
2024,1,FORTALEZA,12800,PPCELL,PARANGABA,70,"0,64",ELEITO
2024,1,FORTALEZA,22222,PRISCILA COSTA,PARANGABA,840,"2,32",ELEITO
2024,1,FORTALEZA,25123,PROFESSOR AGUIAR TOBA,PARANGABA,260,"3,71",ELEITO
2024,1,FORTALEZA,23456,PROFESSOR ENILSON,PARANGABA,115,"1,13",ELEITO
2024,1,FORTALEZA,12999,RAIMUNDO FILHO,PARANGABA,184,"1,79",SUPLENTE
2024,1,FORTALEZA,44777,RENE PESSOA,PARANGABA,83,"1,39",SUPLENTE
2024,1,FORTALEZA,10123,RONALDO MARTINS,PARANGABA,178,"0,88",ELEITO
2024,1,FORTALEZA,44190,SOLDADO NOELIO,PARANGABA,135,"1,97",ELEITO
2024,1,FORTALEZA,55555,TIA FRANCISCA,PARANGABA,293,"4,23",SUPLENTE
2024,1,FORTALEZA,55777,TONY BRITO,PARANGABA,182,"1,49",SUPLENTE
2024,1,FORTALEZA,20000,WELLINGTON SABÓIA,PARANGABA,306,"2,78",ELEITO
